date,lobith
1995-01-01,4204
1995-01-02,4258
1995-01-03,4254
1995-01-04,4149
1995-01-05,3775
1995-01-06,3283
1995-01-07,2913
1995-01-08,2646
1995-01-09,2463
1995-01-10,2370
1995-01-11,2401
1995-01-12,2656
1995-01-13,3071
1995-01-14,3540
1995-01-15,3713
1995-01-16,3490
1995-01-17,3167
1995-01-18,2917
1995-01-19,2732
1995-01-20,2588
1995-01-21,2607
1995-01-22,2656
1995-01-23,2850
1995-01-24,3903
1995-01-25,6075
1995-01-26,7397
1995-01-27,8015
1995-01-28,8961
1995-01-29,10283
1995-01-30,11200
1995-01-31,11885
1995-02-01,11790
1995-02-02,10944
1995-02-03,9733
1995-02-04,8395
1995-02-05,7230
1995-02-06,6177
1995-02-07,5359
1995-02-08,4715
1995-02-09,4293
1995-02-10,4024
1995-02-11,3837
1995-02-12,3798
1995-02-13,3827
1995-02-14,3836
1995-02-15,3796
1995-02-16,3816
1995-02-17,3937
1995-02-18,4348
1995-02-19,4739
1995-02-20,5059
1995-02-21,5277
1995-02-22,5410
1995-02-23,5228
1995-02-24,4866
1995-02-25,4542
1995-02-26,4389
1995-02-27,4516
1995-02-28,4799
1995-03-01,4963
1995-03-02,4871
1995-03-03,4631
1995-03-04,4347
1995-03-05,4163
1995-03-06,4027
1995-03-07,3833
1995-03-08,3680
1995-03-09,3592
1995-03-10,3476
1995-03-11,3313
1995-03-12,3142
1995-03-13,2999
1995-03-14,2857
1995-03-15,2705
1995-03-16,2560
1995-03-17,2502
1995-03-18,2535
1995-03-19,2619
1995-03-20,3003
1995-03-21,3753
1995-03-22,4707
1995-03-23,5454
1995-03-24,5541
1995-03-25,5063
1995-03-26,4520
1995-03-27,4119
1995-03-28,3960
1995-03-29,3924
1995-03-30,4067
1995-03-31,4338
1995-04-01,4485
1995-04-02,4431
1995-04-03,4392
1995-04-04,4402
1995-04-05,4307
1995-04-06,4148
1995-04-07,3923
1995-04-08,3681
1995-04-09,3466
1995-04-10,3275
1995-04-11,3153
1995-04-12,3028
1995-04-13,2915
1995-04-14,2799
1995-04-15,2683
1995-04-16,2593
1995-04-17,2539
1995-04-18,2533
1995-04-19,2597
1995-04-20,2798
1995-04-21,3245
1995-04-22,3684
1995-04-23,3788
1995-04-24,3552
1995-04-25,3248
1995-04-26,2968
1995-04-27,2785
1995-04-28,2777
1995-04-29,2970
1995-04-30,3167
1995-05-01,3275
1995-05-02,3252
1995-05-03,3141
1995-05-04,2996
1995-05-05,2847
1995-05-06,2718
1995-05-07,2593
1995-05-08,2504
1995-05-09,2458
1995-05-10,2418
1995-05-11,2387
1995-05-12,2365
1995-05-13,2342
1995-05-14,2312
1995-05-15,2298
1995-05-16,2361
1995-05-17,2530
1995-05-18,2751
1995-05-19,2893
1995-05-20,3003
1995-05-21,3121
1995-05-22,3151
1995-05-23,3088
1995-05-24,2969
1995-05-25,2812
1995-05-26,2686
1995-05-27,2602
1995-05-28,2509
1995-05-29,2555
1995-05-30,2655
1995-05-31,2641
1995-06-01,2576
1995-06-02,2617
1995-06-03,2745
1995-06-04,3177
1995-06-05,3667
1995-06-06,4003
1995-06-07,4139
1995-06-08,4082
1995-06-09,3916
1995-06-10,3760
1995-06-11,3610
1995-06-12,3432
1995-06-13,3307
1995-06-14,3229
1995-06-15,3266
1995-06-16,3354
1995-06-17,3501
1995-06-18,3628
1995-06-19,3599
1995-06-20,3466
1995-06-21,3308
1995-06-22,3152
1995-06-23,3000
1995-06-24,2878
1995-06-25,2832
1995-06-26,2835
1995-06-27,2817
1995-06-28,2740
1995-06-29,2658
1995-06-30,2546
1995-07-01,2446
1995-07-02,2358
1995-07-03,2275
1995-07-04,2313
1995-07-05,2319
1995-07-06,2330
1995-07-07,2360
1995-07-08,2354
1995-07-09,2298
1995-07-10,2232
1995-07-11,2185
1995-07-12,2151
1995-07-13,2157
1995-07-14,2183
1995-07-15,2127
1995-07-16,2089
1995-07-17,2143
1995-07-18,2191
1995-07-19,2228
1995-07-20,2210
1995-07-21,2139
1995-07-22,2074
1995-07-23,2004
1995-07-24,1952
1995-07-25,2132
1995-07-26,2321
1995-07-27,2290
1995-07-28,2220
1995-07-29,2087
1995-07-30,1995
1995-07-31,1956
1995-08-01,1929
1995-08-02,1856
1995-08-03,1765
1995-08-04,1685
1995-08-05,1633
1995-08-06,1574
1995-08-07,1532
1995-08-08,1482
1995-08-09,1448
1995-08-10,1463
1995-08-11,1528
1995-08-12,1557
1995-08-13,1598
1995-08-14,1668
1995-08-15,1623
1995-08-16,1613
1995-08-17,1658
1995-08-18,1675
1995-08-19,1640
1995-08-20,1566
1995-08-21,1506
1995-08-22,1456
1995-08-23,1427
1995-08-24,1405
1995-08-25,1429
1995-08-26,1494
1995-08-27,1497
1995-08-28,1467
1995-08-29,1453
1995-08-30,1474
1995-08-31,1574
1995-09-01,1719
1995-09-02,1919
1995-09-03,2095
1995-09-04,2149
1995-09-05,2116
1995-09-06,2078
1995-09-07,2011
1995-09-08,1969
1995-09-09,1960
1995-09-10,1917
1995-09-11,1872
1995-09-12,1871
1995-09-13,1886
1995-09-14,1889
1995-09-15,1904
1995-09-16,2008
1995-09-17,2155
1995-09-18,2258
1995-09-19,2285
1995-09-20,2212
1995-09-21,2109
1995-09-22,2126
1995-09-23,2314
1995-09-24,2415
1995-09-25,2356
1995-09-26,2269
1995-09-27,2192
1995-09-28,2241
1995-09-29,2202
1995-09-30,2161
1995-10-01,2162
1995-10-02,2232
1995-10-03,2222
1995-10-04,2142
1995-10-05,2085
1995-10-06,2116
1995-10-07,2106
1995-10-08,2019
1995-10-09,1909
1995-10-10,1812
1995-10-11,1704
1995-10-12,1613
1995-10-13,1559
1995-10-14,1511
1995-10-15,1465
1995-10-16,1412
1995-10-17,1374
1995-10-18,1350
1995-10-19,1326
1995-10-20,1285
1995-10-21,1248
1995-10-22,1226
1995-10-23,1203
1995-10-24,1184
1995-10-25,1165
1995-10-26,1140
1995-10-27,1118
1995-10-28,1101
1995-10-29,1092
1995-10-30,1080
1995-10-31,1099
1995-11-01,1185
1995-11-02,1247
1995-11-03,1268
1995-11-04,1243
1995-11-05,1253
1995-11-06,1300
1995-11-07,1334
1995-11-08,1326
1995-11-09,1296
1995-11-10,1240
1995-11-11,1211
1995-11-12,1175
1995-11-13,1143
1995-11-14,1130
1995-11-15,1113
1995-11-16,1103
1995-11-17,1114
1995-11-18,1171
1995-11-19,1247
1995-11-20,1546
1995-11-21,2200
1995-11-22,2333
1995-11-23,2185
1995-11-24,2018
1995-11-25,1887
1995-11-26,1769
1995-11-27,1688
1995-11-28,1635
1995-11-29,1594
1995-11-30,1529
1995-12-01,1477
1995-12-02,1459
1995-12-03,1421
1995-12-04,1393
1995-12-05,1362
1995-12-06,1320
1995-12-07,1292
1995-12-08,1265
1995-12-09,1244
1995-12-10,1221
1995-12-11,1193
1995-12-12,1182
1995-12-13,1167
1995-12-14,1148
1995-12-15,1117
1995-12-16,1119
1995-12-17,1104
1995-12-18,1076
1995-12-19,1075
1995-12-20,1076
1995-12-21,1116
1995-12-22,1127
1995-12-23,1260
1995-12-24,1552
1995-12-25,2143
1995-12-26,2971
1995-12-27,3583
1995-12-28,3854
1995-12-29,4039
1995-12-30,4112
1995-12-31,3844
1996-01-01,3415
1996-01-02,3040
1996-01-03,2770
1996-01-04,2581
1996-01-05,2488
1996-01-06,2394
1996-01-07,2281
1996-01-08,2165
1996-01-09,2099
1996-01-10,2041
1996-01-11,2008
1996-01-12,2006
1996-01-13,1979
1996-01-14,1943
1996-01-15,1900
1996-01-16,1848
1996-01-17,1789
1996-01-18,1713
1996-01-19,1663
1996-01-20,1613
1996-01-21,1545
1996-01-22,1494
1996-01-23,1435
1996-01-24,1393
1996-01-25,1346
1996-01-26,1303
1996-01-27,1273
1996-01-28,1247
1996-01-29,1220
1996-01-30,1219
1996-01-31,1199
1996-02-01,1170
1996-02-02,1143
1996-02-03,1136
1996-02-04,1106
1996-02-05,1099
1996-02-06,1092
1996-02-07,1085
1996-02-08,1070
1996-02-09,1055
1996-02-10,1029
1996-02-11,1023
1996-02-12,1044
1996-02-13,1127
1996-02-14,1137
1996-02-15,1250
1996-02-16,1510
1996-02-17,1675
1996-02-18,1652
1996-02-19,1737
1996-02-20,2131
1996-02-21,2717
1996-02-22,2908
1996-02-23,2682
1996-02-24,2306
1996-02-25,1993
1996-02-26,1756
1996-02-27,1658
1996-02-28,1620
1996-02-29,1672
1996-03-01,1735
1996-03-02,1739
1996-03-03,1683
1996-03-04,1618
1996-03-05,1572
1996-03-06,1470
1996-03-07,1390
1996-03-08,1335
1996-03-09,1285
1996-03-10,1257
1996-03-11,1239
1996-03-12,1205
1996-03-13,1185
1996-03-14,1156
1996-03-15,1133
1996-03-16,1127
1996-03-17,1099
1996-03-18,1080
1996-03-19,1074
1996-03-20,1083
1996-03-21,1098
1996-03-22,1140
1996-03-23,1195
1996-03-24,1258
1996-03-25,1330
1996-03-26,1503
1996-03-27,1737
1996-03-28,1832
1996-03-29,1838
1996-03-30,1845
1996-03-31,1850
1996-04-01,1830
1996-04-02,1752
1996-04-03,1658
1996-04-04,1546
1996-04-05,1483
1996-04-06,1417
1996-04-07,1374
1996-04-08,1352
1996-04-09,1313
1996-04-10,1275
1996-04-11,1268
1996-04-12,1259
1996-04-13,1254
1996-04-14,1247
1996-04-15,1263
1996-04-16,1291
1996-04-17,1306
1996-04-18,1308
1996-04-19,1278
1996-04-20,1242
1996-04-21,1199
1996-04-22,1165
1996-04-23,1158
1996-04-24,1148
1996-04-25,1150
1996-04-26,1159
1996-04-27,1158
1996-04-28,1157
1996-04-29,1148
1996-04-30,1140
1996-05-01,1130
1996-05-02,1137
1996-05-03,1178
1996-05-04,1238
1996-05-05,1300
1996-05-06,1323
1996-05-07,1337
1996-05-08,1329
1996-05-09,1304
1996-05-10,1272
1996-05-11,1270
1996-05-12,1261
1996-05-13,1253
1996-05-14,1243
1996-05-15,1227
1996-05-16,1219
1996-05-17,1304
1996-05-18,1481
1996-05-19,1512
1996-05-20,1529
1996-05-21,1585
1996-05-22,1760
1996-05-23,1904
1996-05-24,1999
1996-05-25,2043
1996-05-26,2027
1996-05-27,1939
1996-05-28,1934
1996-05-29,2035
1996-05-30,2236
1996-05-31,2555
1996-06-01,2667
1996-06-02,2600
1996-06-03,2442
1996-06-04,2308
1996-06-05,2279
1996-06-06,2260
1996-06-07,2172
1996-06-08,2071
1996-06-09,1974
1996-06-10,1903
1996-06-11,1865
1996-06-12,1903
1996-06-13,1917
1996-06-14,1892
1996-06-15,1822
1996-06-16,1734
1996-06-17,1676
1996-06-18,1647
1996-06-19,1583
1996-06-20,1511
1996-06-21,1467
1996-06-22,1439
1996-06-23,1457
1996-06-24,1460
1996-06-25,1472
1996-06-26,1545
1996-06-27,1619
1996-06-28,1619
1996-06-29,1555
1996-06-30,1519
1996-07-01,1483
1996-07-02,1469
1996-07-03,1451
1996-07-04,1408
1996-07-05,1371
1996-07-06,1385
1996-07-07,1411
1996-07-08,1452
1996-07-09,1471
1996-07-10,1514
1996-07-11,1935
1996-07-12,2653
1996-07-13,3043
1996-07-14,3104
1996-07-15,2951
1996-07-16,2745
1996-07-17,2531
1996-07-18,2346
1996-07-19,2196
1996-07-20,2093
1996-07-21,1994
1996-07-22,1912
1996-07-23,1852
1996-07-24,1767
1996-07-25,1724
1996-07-26,1726
1996-07-27,1692
1996-07-28,1639
1996-07-29,1552
1996-07-30,1477
1996-07-31,1445
1996-08-01,1458
1996-08-02,1501
1996-08-03,1467
1996-08-04,1399
1996-08-05,1328
1996-08-06,1303
1996-08-07,1369
1996-08-08,1437
1996-08-09,1434
1996-08-10,1426
1996-08-11,1444
1996-08-12,1496
1996-08-13,1600
1996-08-14,1672
1996-08-15,1641
1996-08-16,1773
1996-08-17,1861
1996-08-18,1835
1996-08-19,1762
1996-08-20,1647
1996-08-21,1569
1996-08-22,1506
1996-08-23,1597
1996-08-24,1537
1996-08-25,1438
1996-08-26,1416
1996-08-27,1417
1996-08-28,1392
1996-08-29,1506
1996-08-30,1720
1996-08-31,1820
1996-09-01,1849
1996-09-02,1775
1996-09-03,1628
1996-09-04,1500
1996-09-05,1433
1996-09-06,1398
1996-09-07,1362
1996-09-08,1311
1996-09-09,1272
1996-09-10,1255
1996-09-11,1236
1996-09-12,1233
1996-09-13,1242
1996-09-14,1245
1996-09-15,1237
1996-09-16,1226
1996-09-17,1230
1996-09-18,1228
1996-09-19,1229
1996-09-20,1207
1996-09-21,1170
1996-09-22,1132
1996-09-23,1118
1996-09-24,1134
1996-09-25,1162
1996-09-26,1156
1996-09-27,1164
1996-09-28,1218
1996-09-29,1244
1996-09-30,1255
1996-10-01,1249
1996-10-02,1290
1996-10-03,1366
1996-10-04,1443
1996-10-05,1404
1996-10-06,1311
1996-10-07,1269
1996-10-08,1242
1996-10-09,1209
1996-10-10,1175
1996-10-11,1158
1996-10-12,1145
1996-10-13,1121
1996-10-14,1103
1996-10-15,1089
1996-10-16,1077
1996-10-17,1089
1996-10-18,1085
1996-10-19,1161
1996-10-20,1310
1996-10-21,1609
1996-10-22,1882
1996-10-23,1986
1996-10-24,2102
1996-10-25,2154
1996-10-26,2118
1996-10-27,1984
1996-10-28,1895
1996-10-29,1856
1996-10-30,1861
1996-10-31,1814
1996-11-01,1764
1996-11-02,1895
1996-11-03,1922
1996-11-04,1955
1996-11-05,1946
1996-11-06,1923
1996-11-07,1855
1996-11-08,1859
1996-11-09,1947
1996-11-10,2090
1996-11-11,2359
1996-11-12,2511
1996-11-13,2390
1996-11-14,2399
1996-11-15,2784
1996-11-16,3210
1996-11-17,3384
1996-11-18,3166
1996-11-19,2875
1996-11-20,2657
1996-11-21,2595
1996-11-22,2769
1996-11-23,3196
1996-11-24,3329
1996-11-25,3137
1996-11-26,2841
1996-11-27,2621
1996-11-28,2498
1996-11-29,2522
1996-11-30,2696
1996-12-01,2801
1996-12-02,2922
1996-12-03,3302
1996-12-04,3841
1996-12-05,4226
1996-12-06,4353
1996-12-07,4179
1996-12-08,3799
1996-12-09,3404
1996-12-10,3086
1996-12-11,2837
1996-12-12,2615
1996-12-13,2463
1996-12-14,2342
1996-12-15,2247
1996-12-16,2196
1996-12-17,2203
1996-12-18,2236
1996-12-19,2276
1996-12-20,2313
1996-12-21,2407
1996-12-22,2474
1996-12-23,2561
1996-12-24,2741
1996-12-25,2824
1996-12-26,2913
1996-12-27,3014
1996-12-28,2967
1996-12-29,2769
1996-12-30,2538
1996-12-31,2344
1997-01-01,2195
1997-01-02,2102
1997-01-03,1969
1997-01-04,1876
1997-01-05,1810
1997-01-06,1766
1997-01-07,1741
1997-01-08,1709
1997-01-09,1653
1997-01-10,1613
1997-01-11,1572
1997-01-12,1539
1997-01-13,1526
1997-01-14,1453
1997-01-15,1413
1997-01-16,1374
1997-01-17,1350
1997-01-18,1328
1997-01-19,1312
1997-01-20,1308
1997-01-21,1315
1997-01-22,1417
1997-01-23,1819
1997-01-24,1915
1997-01-25,1896
1997-01-26,1996
1997-01-27,2163
1997-01-28,2188
1997-01-29,2117
1997-01-30,2029
1997-01-31,1919
1997-02-01,1812
1997-02-02,1705
1997-02-03,1622
1997-02-04,1570
1997-02-05,1557
1997-02-06,1679
1997-02-07,1690
1997-02-08,1761
1997-02-09,1800
1997-02-10,1738
1997-02-11,1677
1997-02-12,1644
1997-02-13,1771
1997-02-14,2142
1997-02-15,2915
1997-02-16,3615
1997-02-17,3804
1997-02-18,3931
1997-02-19,4017
1997-02-20,3852
1997-02-21,3806
1997-02-22,3757
1997-02-23,3594
1997-02-24,3352
1997-02-25,3212
1997-02-26,3211
1997-02-27,3740
1997-02-28,5013
1997-03-01,6237
1997-03-02,6926
1997-03-03,6596
1997-03-04,5655
1997-03-05,4859
1997-03-06,4190
1997-03-07,3702
1997-03-08,3328
1997-03-09,3071
1997-03-10,2888
1997-03-11,2713
1997-03-12,2542
1997-03-13,2382
1997-03-14,2273
1997-03-15,2186
1997-03-16,2113
1997-03-17,2079
1997-03-18,2063
1997-03-19,2043
1997-03-20,2046
1997-03-21,2066
1997-03-22,2093
1997-03-23,2121
1997-03-24,2149
1997-03-25,2152
1997-03-26,2092
1997-03-27,2035
1997-03-28,1989
1997-03-29,1946
1997-03-30,1895
1997-03-31,1874
1997-04-01,1911
1997-04-02,1939
1997-04-03,1912
1997-04-04,1844
1997-04-05,1794
1997-04-06,1789
1997-04-07,1824
1997-04-08,1839
1997-04-09,1838
1997-04-10,1823
1997-04-11,1806
1997-04-12,1743
1997-04-13,1654
1997-04-14,1586
1997-04-15,1548
1997-04-16,1496
1997-04-17,1465
1997-04-18,1421
1997-04-19,1400
1997-04-20,1355
1997-04-21,1324
1997-04-22,1307
1997-04-23,1295
1997-04-24,1289
1997-04-25,1266
1997-04-26,1260
1997-04-27,1273
1997-04-28,1316
1997-04-29,1362
1997-04-30,1412
1997-05-01,1482
1997-05-02,1572
1997-05-03,1683
1997-05-04,1855
1997-05-05,1920
1997-05-06,1947
1997-05-07,1974
1997-05-08,1997
1997-05-09,2008
1997-05-10,2084
1997-05-11,2091
1997-05-12,2089
1997-05-13,2099
1997-05-14,2094
1997-05-15,2049
1997-05-16,1943
1997-05-17,1868
1997-05-18,1817
1997-05-19,1796
1997-05-20,1807
1997-05-21,1840
1997-05-22,1841
1997-05-23,1929
1997-05-24,1958
1997-05-25,1935
1997-05-26,1881
1997-05-27,1841
1997-05-28,1783
1997-05-29,1703
1997-05-30,1647
1997-05-31,1595
1997-06-01,1540
1997-06-02,1516
1997-06-03,1488
1997-06-04,1463
1997-06-05,1432
1997-06-06,1418
1997-06-07,1426
1997-06-08,1449
1997-06-09,1501
1997-06-10,1551
1997-06-11,1567
1997-06-12,1600
1997-06-13,1598
1997-06-14,1608
1997-06-15,1730
1997-06-16,1891
1997-06-17,1962
1997-06-18,1913
1997-06-19,1860
1997-06-20,1905
1997-06-21,1928
1997-06-22,1904
1997-06-23,1894
1997-06-24,1976
1997-06-25,2296
1997-06-26,2648
1997-06-27,2752
1997-06-28,2777
1997-06-29,2833
1997-06-30,2872
1997-07-01,2864
1997-07-02,2762
1997-07-03,2695
1997-07-04,2653
1997-07-05,2586
1997-07-06,2523
1997-07-07,2484
1997-07-08,2522
1997-07-09,2589
1997-07-10,2730
1997-07-11,2804
1997-07-12,2750
1997-07-13,2620
1997-07-14,2535
1997-07-15,2513
1997-07-16,2512
1997-07-17,2484
1997-07-18,2455
1997-07-19,2409
1997-07-20,2371
1997-07-21,2348
1997-07-22,2446
1997-07-23,2606
1997-07-24,2685
1997-07-25,2646
1997-07-26,2586
1997-07-27,2527
1997-07-28,2496
1997-07-29,2500
1997-07-30,2555
1997-07-31,2590
1997-08-01,2547
1997-08-02,2489
1997-08-03,2411
1997-08-04,2356
1997-08-05,2316
1997-08-06,2255
1997-08-07,2189
1997-08-08,2113
1997-08-09,2047
1997-08-10,2014
1997-08-11,1986
1997-08-12,1973
1997-08-13,1931
1997-08-14,1860
1997-08-15,1799
1997-08-16,1735
1997-08-17,1689
1997-08-18,1682
1997-08-19,1645
1997-08-20,1598
1997-08-21,1578
1997-08-22,1558
1997-08-23,1536
1997-08-24,1484
1997-08-25,1467
1997-08-26,1449
1997-08-27,1411
1997-08-28,1412
1997-08-29,1463
1997-08-30,1442
1997-08-31,1427
1997-09-01,1416
1997-09-02,1524
1997-09-03,1629
1997-09-04,1537
1997-09-05,1468
1997-09-06,1439
1997-09-07,1433
1997-09-08,1448
1997-09-09,1454
1997-09-10,1421
1997-09-11,1408
1997-09-12,1409
1997-09-13,1399
1997-09-14,1364
1997-09-15,1345
1997-09-16,1362
1997-09-17,1402
1997-09-18,1457
1997-09-19,1472
1997-09-20,1442
1997-09-21,1386
1997-09-22,1339
1997-09-23,1303
1997-09-24,1255
1997-09-25,1215
1997-09-26,1187
1997-09-27,1156
1997-09-28,1116
1997-09-29,1069
1997-09-30,1046
1997-10-01,1038
1997-10-02,1044
1997-10-03,1009
1997-10-04,991
1997-10-05,969
1997-10-06,960
1997-10-07,949
1997-10-08,931
1997-10-09,937
1997-10-10,1004
1997-10-11,1151
1997-10-12,1149
1997-10-13,1139
1997-10-14,1159
1997-10-15,1233
1997-10-16,1310
1997-10-17,1427
1997-10-18,1487
1997-10-19,1481
1997-10-20,1465
1997-10-21,1452
1997-10-22,1405
1997-10-23,1345
1997-10-24,1285
1997-10-25,1249
1997-10-26,1211
1997-10-27,1188
1997-10-28,1177
1997-10-29,1149
1997-10-30,1109
1997-10-31,1081
1997-11-01,1061
1997-11-02,1030
1997-11-03,1010
1997-11-04,990
1997-11-05,986
1997-11-06,976
1997-11-07,999
1997-11-08,1066
1997-11-09,1179
1997-11-10,1271
1997-11-11,1253
1997-11-12,1221
1997-11-13,1239
1997-11-14,1258
1997-11-15,1275
1997-11-16,1346
1997-11-17,1388
1997-11-18,1348
1997-11-19,1300
1997-11-20,1254
1997-11-21,1208
1997-11-22,1169
1997-11-23,1144
1997-11-24,1138
1997-11-25,1142
1997-11-26,1126
1997-11-27,1099
1997-11-28,1067
1997-11-29,1039
1997-11-30,1019
1997-12-01,1020
1997-12-02,1048
1997-12-03,1082
1997-12-04,1100
1997-12-05,1114
1997-12-06,1132
1997-12-07,1157
1997-12-08,1159
1997-12-09,1134
1997-12-10,1130
1997-12-11,1183
1997-12-12,1220
1997-12-13,1352
1997-12-14,1732
1997-12-15,2272
1997-12-16,2863
1997-12-17,2917
1997-12-18,2704
1997-12-19,2442
1997-12-20,2252
1997-12-21,2223
1997-12-22,2320
1997-12-23,2516
1997-12-24,3014
1997-12-25,3480
1997-12-26,3662
1997-12-27,3553
1997-12-28,3498
1997-12-29,3513
1997-12-30,3551
1997-12-31,3469
1998-01-01,3267
1998-01-02,3031
1998-01-03,2873
1998-01-04,2822
1998-01-05,3056
1998-01-06,3431
1998-01-07,3548
1998-01-08,3705
1998-01-09,3762
1998-01-10,3594
1998-01-11,3291
1998-01-12,2995
1998-01-13,2745
1998-01-14,2527
1998-01-15,2382
1998-01-16,2240
1998-01-17,2125
1998-01-18,2041
1998-01-19,2131
1998-01-20,2288
1998-01-21,2536
1998-01-22,3085
1998-01-23,3372
1998-01-24,3267
1998-01-25,2999
1998-01-26,2718
1998-01-27,2494
1998-01-28,2300
1998-01-29,2152
1998-01-30,2035
1998-01-31,1922
1998-02-01,1837
1998-02-02,1755
1998-02-03,1669
1998-02-04,1603
1998-02-05,1540
1998-02-06,1479
1998-02-07,1454
1998-02-08,1420
1998-02-09,1383
1998-02-10,1359
1998-02-11,1331
1998-02-12,1312
1998-02-13,1299
1998-02-14,1278
1998-02-15,1263
1998-02-16,1271
1998-02-17,1277
1998-02-18,1287
1998-02-19,1300
1998-02-20,1294
1998-02-21,1300
1998-02-22,1288
1998-02-23,1277
1998-02-24,1267
1998-02-25,1272
1998-02-26,1324
1998-02-27,1432
1998-02-28,1490
1998-03-01,1471
1998-03-02,1462
1998-03-03,1445
1998-03-04,1520
1998-03-05,1661
1998-03-06,1814
1998-03-07,2168
1998-03-08,2651
1998-03-09,3166
1998-03-10,3378
1998-03-11,3401
1998-03-12,3286
1998-03-13,3067
1998-03-14,2789
1998-03-15,2547
1998-03-16,2348
1998-03-17,2245
1998-03-18,2181
1998-03-19,2142
1998-03-20,2163
1998-03-21,2130
1998-03-22,2042
1998-03-23,1938
1998-03-24,1882
1998-03-25,1836
1998-03-26,1772
1998-03-27,1736
1998-03-28,1690
1998-03-29,1631
1998-03-30,1570
1998-03-31,1545
1998-04-01,1490
1998-04-02,1479
1998-04-03,1488
1998-04-04,1510
1998-04-05,1550
1998-04-06,1708
1998-04-07,1971
1998-04-08,2112
1998-04-09,2284
1998-04-10,2596
1998-04-11,2808
1998-04-12,2879
1998-04-13,2878
1998-04-14,2757
1998-04-15,2605
1998-04-16,2573
1998-04-17,2661
1998-04-18,2696
1998-04-19,2704
1998-04-20,2667
1998-04-21,2599
1998-04-22,2605
1998-04-23,2586
1998-04-24,2486
1998-04-25,2374
1998-04-26,2293
1998-04-27,2251
1998-04-28,2222
1998-04-29,2342
1998-04-30,2626
1998-05-01,2743
1998-05-02,2595
1998-05-03,2498
1998-05-04,2467
1998-05-05,2478
1998-05-06,2476
1998-05-07,2387
1998-05-08,2255
1998-05-09,2137
1998-05-10,2027
1998-05-11,1930
1998-05-12,1846
1998-05-13,1767
1998-05-14,1704
1998-05-15,1636
1998-05-16,1580
1998-05-17,1535
1998-05-18,1513
1998-05-19,1511
1998-05-20,1494
1998-05-21,1477
1998-05-22,1460
1998-05-23,1456
1998-05-24,1436
1998-05-25,1422
1998-05-26,1411
1998-05-27,1411
1998-05-28,1407
1998-05-29,1413
1998-05-30,1428
1998-05-31,1436
1998-06-01,1440
1998-06-02,1534
1998-06-03,1627
1998-06-04,1682
1998-06-05,1603
1998-06-06,1497
1998-06-07,1481
1998-06-08,1546
1998-06-09,1527
1998-06-10,1528
1998-06-11,1569
1998-06-12,1632
1998-06-13,1750
1998-06-14,1766
1998-06-15,1811
1998-06-16,1916
1998-06-17,2047
1998-06-18,2062
1998-06-19,2012
1998-06-20,1967
1998-06-21,1911
1998-06-22,1815
1998-06-23,1722
1998-06-24,1646
1998-06-25,1575
1998-06-26,1541
1998-06-27,1500
1998-06-28,1463
1998-06-29,1445
1998-06-30,1443
1998-07-01,1476
1998-07-02,1495
1998-07-03,1457
1998-07-04,1420
1998-07-05,1389
1998-07-06,1369
1998-07-07,1388
1998-07-08,1419
1998-07-09,1457
1998-07-10,1464
1998-07-11,1471
1998-07-12,1464
1998-07-13,1515
1998-07-14,1569
1998-07-15,1636
1998-07-16,1678
1998-07-17,1648
1998-07-18,1593
1998-07-19,1564
1998-07-20,1558
1998-07-21,1499
1998-07-22,1428
1998-07-23,1366
1998-07-24,1330
1998-07-25,1310
1998-07-26,1279
1998-07-27,1255
1998-07-28,1231
1998-07-29,1223
1998-07-30,1233
1998-07-31,1256
1998-08-01,1293
1998-08-02,1303
1998-08-03,1304
1998-08-04,1291
1998-08-05,1287
1998-08-06,1283
1998-08-07,1278
1998-08-08,1271
1998-08-09,1218
1998-08-10,1170
1998-08-11,1152
1998-08-12,1134
1998-08-13,1107
1998-08-14,1081
1998-08-15,1062
1998-08-16,1039
1998-08-17,1034
1998-08-18,1022
1998-08-19,1004
1998-08-20,985
1998-08-21,983
1998-08-22,999
1998-08-23,1024
1998-08-24,1068
1998-08-25,1135
1998-08-26,1129
1998-08-27,1204
1998-08-28,1309
1998-08-29,1347
1998-08-30,1353
1998-08-31,1316
1998-09-01,1284
1998-09-02,1249
1998-09-03,1225
1998-09-04,1242
1998-09-05,1252
1998-09-06,1244
1998-09-07,1246
1998-09-08,1295
1998-09-09,1372
1998-09-10,1499
1998-09-11,1539
1998-09-12,1464
1998-09-13,1474
1998-09-14,1540
1998-09-15,1924
1998-09-16,2791
1998-09-17,3592
1998-09-18,3798
1998-09-19,3885
1998-09-20,3702
1998-09-21,3387
1998-09-22,3086
1998-09-23,2788
1998-09-24,2507
1998-09-25,2273
1998-09-26,2094
1998-09-27,1959
1998-09-28,1850
1998-09-29,1766
1998-09-30,1691
1998-10-01,1628
1998-10-02,1587
1998-10-03,1676
1998-10-04,1756
1998-10-05,1843
1998-10-06,1897
1998-10-07,1868
1998-10-08,1869
1998-10-09,1984
1998-10-10,2126
1998-10-11,2257
1998-10-12,2306
1998-10-13,2351
1998-10-14,2405
1998-10-15,2446
1998-10-16,2512
1998-10-17,2533
1998-10-18,2464
1998-10-19,2362
1998-10-20,2279
1998-10-21,2189
1998-10-22,2120
1998-10-23,2054
1998-10-24,2023
1998-10-25,2100
1998-10-26,2357
1998-10-27,2906
1998-10-28,3452
1998-10-29,4037
1998-10-30,4852
1998-10-31,6006
1998-11-01,7076
1998-11-02,8142
1998-11-03,8977
1998-11-04,9413
1998-11-05,9093
1998-11-06,8185
1998-11-07,7262
1998-11-08,6627
1998-11-09,6098
1998-11-10,5652
1998-11-11,5331
1998-11-12,5090
1998-11-13,4839
1998-11-14,4681
1998-11-15,4617
1998-11-16,4516
1998-11-17,4434
1998-11-18,4478
1998-11-19,4524
1998-11-20,4453
1998-11-21,4247
1998-11-22,3907
1998-11-23,3529
1998-11-24,3232
1998-11-25,3002
1998-11-26,2813
1998-11-27,2668
1998-11-28,2575
1998-11-29,2507
1998-11-30,2477
1998-12-01,2445
1998-12-02,2393
1998-12-03,2336
1998-12-04,2257
1998-12-05,2179
1998-12-06,2100
1998-12-07,2011
1998-12-08,1953
1998-12-09,1923
1998-12-10,1894
1998-12-11,1878
1998-12-12,1843
1998-12-13,1921
1998-12-14,2303
1998-12-15,3258
1998-12-16,4111
1998-12-17,4484
1998-12-18,4391
1998-12-19,4068
1998-12-20,3716
1998-12-21,3494
1998-12-22,3397
1998-12-23,3280
1998-12-24,3095
1998-12-25,2890
1998-12-26,2712
1998-12-27,2611
1998-12-28,2568
1998-12-29,2689
1998-12-30,2802
1998-12-31,2732
1999-01-01,2581
1999-01-02,2418
1999-01-03,2286
1999-01-04,2238
1999-01-05,2255
1999-01-06,2409
1999-01-07,2530
1999-01-08,2590
1999-01-09,2609
1999-01-10,2614
1999-01-11,2780
1999-01-12,3070
1999-01-13,3121
1999-01-14,3020
1999-01-15,2891
1999-01-16,2826
1999-01-17,2994
1999-01-18,3218
1999-01-19,3233
1999-01-20,3075
1999-01-21,2917
1999-01-22,2724
1999-01-23,2556
1999-01-24,2398
1999-01-25,2272
1999-01-26,2199
1999-01-27,2196
1999-01-28,2297
1999-01-29,2645
1999-01-30,3278
1999-01-31,3742
1999-02-01,3821
1999-02-02,3554
1999-02-03,3195
1999-02-04,2925
1999-02-05,2762
1999-02-06,2673
1999-02-07,2706
1999-02-08,2974
1999-02-09,3312
1999-02-10,3520
1999-02-11,3467
1999-02-12,3243
1999-02-13,3003
1999-02-14,2801
1999-02-15,2618
1999-02-16,2467
1999-02-17,2406
1999-02-18,2338
1999-02-19,2301
1999-02-20,2361
1999-02-21,2744
1999-02-22,3778
1999-02-23,5386
1999-02-24,6733
1999-02-25,7606
1999-02-26,7920
1999-02-27,7509
1999-02-28,6842
1999-03-01,6210
1999-03-02,5772
1999-03-03,5809
1999-03-04,6174
1999-03-05,6471
1999-03-06,6517
1999-03-07,6454
1999-03-08,6261
1999-03-09,5938
1999-03-10,5509
1999-03-11,5173
1999-03-12,5297
1999-03-13,5646
1999-03-14,5763
1999-03-15,5420
1999-03-16,4986
1999-03-17,4578
1999-03-18,4251
1999-03-19,3994
1999-03-20,3777
1999-03-21,3581
1999-03-22,3398
1999-03-23,3331
1999-03-24,3312
1999-03-25,3353
1999-03-26,3429
1999-03-27,3379
1999-03-28,3219
1999-03-29,3140
1999-03-30,3397
1999-03-31,3736
1999-04-01,3623
1999-04-02,3298
1999-04-03,3037
1999-04-04,2882
1999-04-05,2775
1999-04-06,2729
1999-04-07,2719
1999-04-08,2713
1999-04-09,2760
1999-04-10,2836
1999-04-11,3017
1999-04-12,3162
1999-04-13,3213
1999-04-14,3210
1999-04-15,3259
1999-04-16,3544
1999-04-17,3970
1999-04-18,4059
1999-04-19,3893
1999-04-20,3685
1999-04-21,3528
1999-04-22,3453
1999-04-23,3434
1999-04-24,3386
1999-04-25,3313
1999-04-26,3230
1999-04-27,3115
1999-04-28,3006
1999-04-29,2909
1999-04-30,2808
1999-05-01,2725
1999-05-02,2658
1999-05-03,2616
1999-05-04,2666
1999-05-05,2689
1999-05-06,2667
1999-05-07,2658
1999-05-08,2633
1999-05-09,2628
1999-05-10,2673
1999-05-11,2778
1999-05-12,2900
1999-05-13,2937
1999-05-14,2918
1999-05-15,3032
1999-05-16,3420
1999-05-17,3893
1999-05-18,4283
1999-05-19,4463
1999-05-20,4503
1999-05-21,4380
1999-05-22,4189
1999-05-23,4016
1999-05-24,3954
1999-05-25,4074
1999-05-26,4159
1999-05-27,4245
1999-05-28,4237
1999-05-29,4129
1999-05-30,3998
1999-05-31,3947
1999-06-01,3847
1999-06-02,3709
1999-06-03,3595
1999-06-04,3517
1999-06-05,3552
1999-06-06,3604
1999-06-07,3547
1999-06-08,3545
1999-06-09,3571
1999-06-10,3582
1999-06-11,3508
1999-06-12,3467
1999-06-13,3470
1999-06-14,3478
1999-06-15,3492
1999-06-16,3489
1999-06-17,3390
1999-06-18,3290
1999-06-19,3272
1999-06-20,3226
1999-06-21,3170
1999-06-22,3089
1999-06-23,2996
1999-06-24,2914
1999-06-25,2861
1999-06-26,2847
1999-06-27,2833
1999-06-28,2780
1999-06-29,2750
1999-06-30,2682
1999-07-01,2620
1999-07-02,2585
1999-07-03,2550
1999-07-04,2490
1999-07-05,2478
1999-07-06,2458
1999-07-07,2401
1999-07-08,2459
1999-07-09,2644
1999-07-10,2661
1999-07-11,2605
1999-07-12,2559
1999-07-13,2525
1999-07-14,2532
1999-07-15,2612
1999-07-16,2662
1999-07-17,2770
1999-07-18,2923
1999-07-19,2914
1999-07-20,2807
1999-07-21,2657
1999-07-22,2524
1999-07-23,2438
1999-07-24,2380
1999-07-25,2288
1999-07-26,2219
1999-07-27,2138
1999-07-28,2054
1999-07-29,1965
1999-07-30,1891
1999-07-31,1842
1999-08-01,1807
1999-08-02,1763
1999-08-03,1732
1999-08-04,1665
1999-08-05,1631
1999-08-06,1618
1999-08-07,1633
1999-08-08,1654
1999-08-09,1648
1999-08-10,1651
1999-08-11,1695
1999-08-12,1694
1999-08-13,1655
1999-08-14,1690
1999-08-15,1825
1999-08-16,1911
1999-08-17,1947
1999-08-18,1975
1999-08-19,1962
1999-08-20,1950
1999-08-21,1948
1999-08-22,1924
1999-08-23,1876
1999-08-24,1866
1999-08-25,1916
1999-08-26,1861
1999-08-27,1815
1999-08-28,1781
1999-08-29,1754
1999-08-30,1694
1999-08-31,1694
1999-09-01,1701
1999-09-02,1669
1999-09-03,1607
1999-09-04,1557
1999-09-05,1508
1999-09-06,1476
1999-09-07,1460
1999-09-08,1431
1999-09-09,1419
1999-09-10,1412
1999-09-11,1379
1999-09-12,1349
1999-09-13,1302
1999-09-14,1263
1999-09-15,1239
1999-09-16,1222
1999-09-17,1218
1999-09-18,1210
1999-09-19,1188
1999-09-20,1166
1999-09-21,1144
1999-09-22,1136
1999-09-23,1146
1999-09-24,1186
1999-09-25,1248
1999-09-26,1297
1999-09-27,1325
1999-09-28,1376
1999-09-29,1465
1999-09-30,1568
1999-10-01,1736
1999-10-02,1866
1999-10-03,1968
1999-10-04,2114
1999-10-05,2108
1999-10-06,2067
1999-10-07,2054
1999-10-08,2075
1999-10-09,2124
1999-10-10,2126
1999-10-11,2042
1999-10-12,1956
1999-10-13,1867
1999-10-14,1799
1999-10-15,1720
1999-10-16,1657
1999-10-17,1584
1999-10-18,1531
1999-10-19,1483
1999-10-20,1457
1999-10-21,1429
1999-10-22,1409
1999-10-23,1387
1999-10-24,1372
1999-10-25,1373
1999-10-26,1401
1999-10-27,1449
1999-10-28,1460
1999-10-29,1604
1999-10-30,1697
1999-10-31,1645
1999-11-01,1608
1999-11-02,1609
1999-11-03,1624
1999-11-04,1614
1999-11-05,1640
1999-11-06,1664
1999-11-07,1717
1999-11-08,1741
1999-11-09,1718
1999-11-10,1673
1999-11-11,1642
1999-11-12,1633
1999-11-13,1715
1999-11-14,1972
1999-11-15,2074
1999-11-16,1980
1999-11-17,1851
1999-11-18,1738
1999-11-19,1704
1999-11-20,1649
1999-11-21,1587
1999-11-22,1549
1999-11-23,1537
1999-11-24,1577
1999-11-25,1540
1999-11-26,1532
1999-11-27,1549
1999-11-28,1559
1999-11-29,1586
1999-11-30,1578
1999-12-01,1562
1999-12-02,1540
1999-12-03,1519
1999-12-04,1495
1999-12-05,1499
1999-12-06,1534
1999-12-07,1718
1999-12-08,1984
1999-12-09,2136
1999-12-10,2140
1999-12-11,2129
1999-12-12,2204
1999-12-13,2562
1999-12-14,3404
1999-12-15,4239
1999-12-16,4676
1999-12-17,4808
1999-12-18,4530
1999-12-19,4083
1999-12-20,3796
1999-12-21,3999
1999-12-22,4516
1999-12-23,4934
1999-12-24,4858
1999-12-25,4315
1999-12-26,3913
1999-12-27,4213
1999-12-28,5185
1999-12-29,6151
1999-12-30,6604
1999-12-31,6555
2000-01-01,6224
2000-01-02,5610
2000-01-03,4945
2000-01-04,4422
2000-01-05,4090
2000-01-06,3835
2000-01-07,3627
2000-01-08,3426
2000-01-09,3273
2000-01-10,3144
2000-01-11,3029
2000-01-12,2972
2000-01-13,3020
2000-01-14,2974
2000-01-15,2804
2000-01-16,2637
2000-01-17,2498
2000-01-18,2369
2000-01-19,2272
2000-01-20,2187
2000-01-21,2111
2000-01-22,2084
2000-01-23,2075
2000-01-24,2086
2000-01-25,2095
2000-01-26,2093
2000-01-27,2055
2000-01-28,1973
2000-01-29,1898
2000-01-30,1928
2000-01-31,2182
2000-02-01,2613
2000-02-02,3337
2000-02-03,3993
2000-02-04,4077
2000-02-05,3762
2000-02-06,3466
2000-02-07,3238
2000-02-08,3073
2000-02-09,2926
2000-02-10,2884
2000-02-11,3121
2000-02-12,3570
2000-02-13,3922
2000-02-14,3986
2000-02-15,3936
2000-02-16,3892
2000-02-17,3904
2000-02-18,4105
2000-02-19,4495
2000-02-20,4833
2000-02-21,5113
2000-02-22,5282
2000-02-23,5246
2000-02-24,4937
2000-02-25,4567
2000-02-26,4404
2000-02-27,4329
2000-02-28,4154
2000-02-29,3998
2000-03-01,3861
2000-03-02,3803
2000-03-03,3995
2000-03-04,4552
2000-03-05,5141
2000-03-06,5442
2000-03-07,5435
2000-03-08,5164
2000-03-09,4839
2000-03-10,4654
2000-03-11,4491
2000-03-12,4242
2000-03-13,4015
2000-03-14,3803
2000-03-15,3616
2000-03-16,3486
2000-03-17,3376
2000-03-18,3320
2000-03-19,3344
2000-03-20,3337
2000-03-21,3321
2000-03-22,3328
2000-03-23,3239
2000-03-24,3082
2000-03-25,2939
2000-03-26,2823
2000-03-27,2758
2000-03-28,2756
2000-03-29,2720
2000-03-30,2634
2000-03-31,2584
2000-04-01,2727
2000-04-02,3220
2000-04-03,3567
2000-04-04,3538
2000-04-05,3317
2000-04-06,3083
2000-04-07,2866
2000-04-08,2766
2000-04-09,2707
2000-04-10,2618
2000-04-11,2511
2000-04-12,2375
2000-04-13,2258
2000-04-14,2200
2000-04-15,2216
2000-04-16,2276
2000-04-17,2331
2000-04-18,2340
2000-04-19,2293
2000-04-20,2252
2000-04-21,2192
2000-04-22,2122
2000-04-23,2064
2000-04-24,2011
2000-04-25,2001
2000-04-26,1984
2000-04-27,1977
2000-04-28,1995
2000-04-29,2022
2000-04-30,2012
2000-05-01,1998
2000-05-02,2002
2000-05-03,2031
2000-05-04,2068
2000-05-05,2096
2000-05-06,2158
2000-05-07,2178
2000-05-08,2143
2000-05-09,2156
2000-05-10,2162
2000-05-11,2158
2000-05-12,2148
2000-05-13,2139
2000-05-14,2211
2000-05-15,2283
2000-05-16,2296
2000-05-17,2269
2000-05-18,2224
2000-05-19,2196
2000-05-20,2195
2000-05-21,2204
2000-05-22,2219
2000-05-23,2241
2000-05-24,2244
2000-05-25,2235
2000-05-26,2189
2000-05-27,2135
2000-05-28,2066
2000-05-29,1997
2000-05-30,1959
2000-05-31,1943
2000-06-01,1928
2000-06-02,1980
2000-06-03,2260
2000-06-04,2715
2000-06-05,2813
2000-06-06,2716
2000-06-07,2581
2000-06-08,2481
2000-06-09,2440
2000-06-10,2413
2000-06-11,2351
2000-06-12,2273
2000-06-13,2220
2000-06-14,2222
2000-06-15,2159
2000-06-16,2074
2000-06-17,2055
2000-06-18,2087
2000-06-19,2115
2000-06-20,2070
2000-06-21,1996
2000-06-22,1941
2000-06-23,1884
2000-06-24,1796
2000-06-25,1761
2000-06-26,1749
2000-06-27,1715
2000-06-28,1697
2000-06-29,1714
2000-06-30,1653
2000-07-01,1576
2000-07-02,1510
2000-07-03,1568
2000-07-04,1649
2000-07-05,1694
2000-07-06,1732
2000-07-07,1726
2000-07-08,1726
2000-07-09,1744
2000-07-10,1884
2000-07-11,1961
2000-07-12,2136
2000-07-13,2316
2000-07-14,2393
2000-07-15,2408
2000-07-16,2434
2000-07-17,2602
2000-07-18,2820
2000-07-19,2979
2000-07-20,3030
2000-07-21,2916
2000-07-22,2718
2000-07-23,2536
2000-07-24,2355
2000-07-25,2270
2000-07-26,2241
2000-07-27,2189
2000-07-28,2218
2000-07-29,2490
2000-07-30,2550
2000-07-31,2513
2000-08-01,2543
2000-08-02,2648
2000-08-03,2592
2000-08-04,2490
2000-08-05,2470
2000-08-06,2377
2000-08-07,2287
2000-08-08,2211
2000-08-09,2147
2000-08-10,2197
2000-08-11,2391
2000-08-12,2436
2000-08-13,2371
2000-08-14,2291
2000-08-15,2219
2000-08-16,2154
2000-08-17,2078
2000-08-18,2013
2000-08-19,1934
2000-08-20,1943
2000-08-21,1943
2000-08-22,1996
2000-08-23,1985
2000-08-24,1915
2000-08-25,1927
2000-08-26,1907
2000-08-27,1817
2000-08-28,1874
2000-08-29,1848
2000-08-30,1769
2000-08-31,1703
2000-09-01,1694
2000-09-02,1680
2000-09-03,1699
2000-09-04,1730
2000-09-05,1806
2000-09-06,1835
2000-09-07,1834
2000-09-08,1905
2000-09-09,1925
2000-09-10,1917
2000-09-11,1906
2000-09-12,1865
2000-09-13,1751
2000-09-14,1653
2000-09-15,1602
2000-09-16,1618
2000-09-17,1612
2000-09-18,1597
2000-09-19,1704
2000-09-20,1797
2000-09-21,1814
2000-09-22,1787
2000-09-23,1754
2000-09-24,1813
2000-09-25,2037
2000-09-26,2169
2000-09-27,2077
2000-09-28,1940
2000-09-29,1823
2000-09-30,1803
2000-10-01,1836
2000-10-02,1930
2000-10-03,2051
2000-10-04,2088
2000-10-05,1976
2000-10-06,1838
2000-10-07,1768
2000-10-08,1713
2000-10-09,1670
2000-10-10,1650
2000-10-11,1746
2000-10-12,1912
2000-10-13,2135
2000-10-14,2374
2000-10-15,2369
2000-10-16,2276
2000-10-17,2179
2000-10-18,2111
2000-10-19,2053
2000-10-20,2032
2000-10-21,2041
2000-10-22,2045
2000-10-23,2008
2000-10-24,1944
2000-10-25,1880
2000-10-26,1807
2000-10-27,1752
2000-10-28,1732
2000-10-29,1766
2000-10-30,1737
2000-10-31,1701
2000-11-01,1669
2000-11-02,1699
2000-11-03,1875
2000-11-04,2101
2000-11-05,2189
2000-11-06,2200
2000-11-07,2226
2000-11-08,2211
2000-11-09,2277
2000-11-10,2336
2000-11-11,2340
2000-11-12,2292
2000-11-13,2226
2000-11-14,2154
2000-11-15,2181
2000-11-16,2414
2000-11-17,2713
2000-11-18,2856
2000-11-19,2748
2000-11-20,2563
2000-11-21,2450
2000-11-22,2411
2000-11-23,2368
2000-11-24,2357
2000-11-25,2528
2000-11-26,2813
2000-11-27,2866
2000-11-28,2820
2000-11-29,2905
2000-11-30,2897
2000-12-01,2784
2000-12-02,2659
2000-12-03,2537
2000-12-04,2431
2000-12-05,2359
2000-12-06,2291
2000-12-07,2205
2000-12-08,2124
2000-12-09,2084
2000-12-10,2126
2000-12-11,2251
2000-12-12,2328
2000-12-13,2479
2000-12-14,2554
2000-12-15,2519
2000-12-16,2577
2000-12-17,2814
2000-12-18,2918
2000-12-19,2853
2000-12-20,2738
2000-12-21,2623
2000-12-22,2537
2000-12-23,2413
2000-12-24,2233
2000-12-25,2087
2000-12-26,1989
2000-12-27,1925
2000-12-28,1941
2000-12-29,2123
2000-12-30,2292
2000-12-31,2255
2001-01-01,2125
2001-01-02,2028
2001-01-03,1961
2001-01-04,2015
2001-01-05,2222
2001-01-06,2626
2001-01-07,3522
2001-01-08,4523
2001-01-09,5008
2001-01-10,4907
2001-01-11,4518
2001-01-12,4095
2001-01-13,3792
2001-01-14,3538
2001-01-15,3253
2001-01-16,2994
2001-01-17,2731
2001-01-18,2530
2001-01-19,2368
2001-01-20,2255
2001-01-21,2154
2001-01-22,2064
2001-01-23,2075
2001-01-24,2204
2001-01-25,2628
2001-01-26,3277
2001-01-27,3768
2001-01-28,4043
2001-01-29,4180
2001-01-30,4149
2001-01-31,3838
2001-02-01,3400
2001-02-02,3045
2001-02-03,2800
2001-02-04,2661
2001-02-05,2729
2001-02-06,3331
2001-02-07,4506
2001-02-08,5462
2001-02-09,5717
2001-02-10,5404
2001-02-11,4811
2001-02-12,4230
2001-02-13,3694
2001-02-14,3279
2001-02-15,3046
2001-02-16,2878
2001-02-17,2712
2001-02-18,2571
2001-02-19,2491
2001-02-20,2422
2001-02-21,2314
2001-02-22,2225
2001-02-23,2168
2001-02-24,2145
2001-02-25,2141
2001-02-26,2157
2001-02-27,2244
2001-02-28,2266
2001-03-01,2194
2001-03-02,2117
2001-03-03,2069
2001-03-04,2024
2001-03-05,1993
2001-03-06,2029
2001-03-07,2387
2001-03-08,2932
2001-03-09,3315
2001-03-10,3444
2001-03-11,3562
2001-03-12,3680
2001-03-13,3838
2001-03-14,4271
2001-03-15,4910
2001-03-16,5494
2001-03-17,5974
2001-03-18,6486
2001-03-19,6651
2001-03-20,6494
2001-03-21,6189
2001-03-22,5839
2001-03-23,5759
2001-03-24,6448
2001-03-25,7515
2001-03-26,8423
2001-03-27,8664
2001-03-28,8333
2001-03-29,7877
2001-03-30,7348
2001-03-31,6883
2001-04-01,6399
2001-04-02,5834
2001-04-03,5332
2001-04-04,4919
2001-04-05,4552
2001-04-06,4231
2001-04-07,4010
2001-04-08,3862
2001-04-09,3793
2001-04-10,3759
2001-04-11,3749
2001-04-12,3831
2001-04-13,4023
2001-04-14,4185
2001-04-15,4291
2001-04-16,4321
2001-04-17,4359
2001-04-18,4581
2001-04-19,4780
2001-04-20,4844
2001-04-21,4768
2001-04-22,4576
2001-04-23,4335
2001-04-24,4134
2001-04-25,3997
2001-04-26,3920
2001-04-27,3985
2001-04-28,4096
2001-04-29,4166
2001-04-30,4256
2001-05-01,4318
2001-05-02,4361
2001-05-03,4288
2001-05-04,4017
2001-05-05,3814
2001-05-06,3589
2001-05-07,3399
2001-05-08,3362
2001-05-09,3385
2001-05-10,3315
2001-05-11,3209
2001-05-12,3075
2001-05-13,2937
2001-05-14,2812
2001-05-15,2735
2001-05-16,2692
2001-05-17,2652
2001-05-18,2654
2001-05-19,2735
2001-05-20,2951
2001-05-21,3145
2001-05-22,3181
2001-05-23,3120
2001-05-24,2949
2001-05-25,2770
2001-05-26,2644
2001-05-27,2539
2001-05-28,2452
2001-05-29,2416
2001-05-30,2348
2001-05-31,2276
2001-06-01,2227
2001-06-02,2204
2001-06-03,2225
2001-06-04,2242
2001-06-05,2235
2001-06-06,2249
2001-06-07,2284
2001-06-08,2319
2001-06-09,2311
2001-06-10,2272
2001-06-11,2297
2001-06-12,2352
2001-06-13,2499
2001-06-14,2722
2001-06-15,2941
2001-06-16,3008
2001-06-17,2945
2001-06-18,2938
2001-06-19,2970
2001-06-20,2979
2001-06-21,2976
2001-06-22,3047
2001-06-23,3089
2001-06-24,3050
2001-06-25,2965
2001-06-26,2861
2001-06-27,2750
2001-06-28,2679
2001-06-29,2622
2001-06-30,2557
2001-07-01,2600
2001-07-02,2623
2001-07-03,2577
2001-07-04,2475
2001-07-05,2358
2001-07-06,2270
2001-07-07,2196
2001-07-08,2158
2001-07-09,2191
2001-07-10,2214
2001-07-11,2172
2001-07-12,2163
2001-07-13,2120
2001-07-14,2074
2001-07-15,2095
2001-07-16,2142
2001-07-17,2170
2001-07-18,2185
2001-07-19,2337
2001-07-20,2591
2001-07-21,2739
2001-07-22,2630
2001-07-23,2489
2001-07-24,2386
2001-07-25,2351
2001-07-26,2359
2001-07-27,2314
2001-07-28,2262
2001-07-29,2179
2001-07-30,2099
2001-07-31,2036
2001-08-01,1979
2001-08-02,1904
2001-08-03,1842
2001-08-04,1793
2001-08-05,1765
2001-08-06,1809
2001-08-07,1852
2001-08-08,1891
2001-08-09,1944
2001-08-10,1968
2001-08-11,1960
2001-08-12,1909
2001-08-13,1865
2001-08-14,1846
2001-08-15,1813
2001-08-16,1775
2001-08-17,1726
2001-08-18,1674
2001-08-19,1636
2001-08-20,1584
2001-08-21,1598
2001-08-22,1590
2001-08-23,1580
2001-08-24,1598
2001-08-25,1590
2001-08-26,1539
2001-08-27,1509
2001-08-28,1485
2001-08-29,1450
2001-08-30,1406
2001-08-31,1378
2001-09-01,1366
2001-09-02,1374
2001-09-03,1411
2001-09-04,1458
2001-09-05,1516
2001-09-06,1502
2001-09-07,1515
2001-09-08,1562
2001-09-09,1690
2001-09-10,1788
2001-09-11,1811
2001-09-12,1921
2001-09-13,2140
2001-09-14,2254
2001-09-15,2283
2001-09-16,2315
2001-09-17,2327
2001-09-18,2416
2001-09-19,2485
2001-09-20,2561
2001-09-21,2806
2001-09-22,3116
2001-09-23,3266
2001-09-24,3310
2001-09-25,3148
2001-09-26,2894
2001-09-27,2730
2001-09-28,2643
2001-09-29,2506
2001-09-30,2369
2001-10-01,2269
2001-10-02,2218
2001-10-03,2206
2001-10-04,2220
2001-10-05,2243
2001-10-06,2245
2001-10-07,2247
2001-10-08,2231
2001-10-09,2135
2001-10-10,2083
2001-10-11,2104
2001-10-12,2107
2001-10-13,2039
2001-10-14,1939
2001-10-15,1863
2001-10-16,1803
2001-10-17,1755
2001-10-18,1701
2001-10-19,1609
2001-10-20,1568
2001-10-21,1520
2001-10-22,1508
2001-10-23,1501
2001-10-24,1507
2001-10-25,1514
2001-10-26,1511
2001-10-27,1533
2001-10-28,1609
2001-10-29,1722
2001-10-30,1759
2001-10-31,1705
2001-11-01,1629
2001-11-02,1554
2001-11-03,1494
2001-11-04,1453
2001-11-05,1444
2001-11-06,1443
2001-11-07,1408
2001-11-08,1406
2001-11-09,1509
2001-11-10,1875
2001-11-11,2622
2001-11-12,3122
2001-11-13,3010
2001-11-14,2655
2001-11-15,2359
2001-11-16,2175
2001-11-17,2078
2001-11-18,1968
2001-11-19,1858
2001-11-20,1766
2001-11-21,1713
2001-11-22,1669
2001-11-23,1676
2001-11-24,1739
2001-11-25,1806
2001-11-26,1902
2001-11-27,2019
2001-11-28,2144
2001-11-29,2357
2001-11-30,2722
2001-12-01,3198
2001-12-02,3688
2001-12-03,4192
2001-12-04,4573
2001-12-05,4602
2001-12-06,4280
2001-12-07,3946
2001-12-08,3709
2001-12-09,3499
2001-12-10,3255
2001-12-11,3042
2001-12-12,2813
2001-12-13,2617
2001-12-14,2450
2001-12-15,2315
2001-12-16,2186
2001-12-17,2059
2001-12-18,1948
2001-12-19,1862
2001-12-20,1814
2001-12-21,1781
2001-12-22,1786
2001-12-23,1800
2001-12-24,1761
2001-12-25,1720
2001-12-26,1809
2001-12-27,1941
2001-12-28,2044
2001-12-29,2157
2001-12-30,2282
2001-12-31,2753
2002-01-01,3808
2002-01-02,4844
2002-01-03,5250
2002-01-04,4618
2002-01-05,3658
2002-01-06,3017
2002-01-07,2621
2002-01-08,2378
2002-01-09,2230
2002-01-10,2128
2002-01-11,2034
2002-01-12,1953
2002-01-13,1883
2002-01-14,1812
2002-01-15,1770
2002-01-16,1701
2002-01-17,1670
2002-01-18,1639
2002-01-19,1618
2002-01-20,1582
2002-01-21,1638
2002-01-22,2004
2002-01-23,2989
2002-01-24,3759
2002-01-25,3911
2002-01-26,3938
2002-01-27,4018
2002-01-28,4363
2002-01-29,5024
2002-01-30,5720
2002-01-31,6045
2002-02-01,5760
2002-02-02,5105
2002-02-03,4537
2002-02-04,4007
2002-02-05,3483
2002-02-06,3114
2002-02-07,2832
2002-02-08,2668
2002-02-09,2581
2002-02-10,2577
2002-02-11,2813
2002-02-12,3506
2002-02-13,4146
2002-02-14,4595
2002-02-15,5292
2002-02-16,5866
2002-02-17,5926
2002-02-18,5417
2002-02-19,4735
2002-02-20,4234
2002-02-21,4028
2002-02-22,4551
2002-02-23,5591
2002-02-24,6257
2002-02-25,6320
2002-02-26,6188
2002-02-27,6572
2002-02-28,7340
2002-03-01,7950
2002-03-02,7958
2002-03-03,7506
2002-03-04,6864
2002-03-05,6186
2002-03-06,5552
2002-03-07,4972
2002-03-08,4460
2002-03-09,4033
2002-03-10,3687
2002-03-11,3368
2002-03-12,3121
2002-03-13,2929
2002-03-14,2764
2002-03-15,2648
2002-03-16,2578
2002-03-17,2516
2002-03-18,2465
2002-03-19,2424
2002-03-20,2399
2002-03-21,2617
2002-03-22,3633
2002-03-23,5079
2002-03-24,6426
2002-03-25,7097
2002-03-26,6919
2002-03-27,6296
2002-03-28,5586
2002-03-29,4875
2002-03-30,4266
2002-03-31,3765
2002-04-01,3373
2002-04-02,3115
2002-04-03,2913
2002-04-04,2733
2002-04-05,2578
2002-04-06,2446
2002-04-07,2347
2002-04-08,2248
2002-04-09,2165
2002-04-10,2076
2002-04-11,2005
2002-04-12,1954
2002-04-13,1914
2002-04-14,1868
2002-04-15,1838
2002-04-16,1848
2002-04-17,1943
2002-04-18,2038
2002-04-19,2111
2002-04-20,2121
2002-04-21,2058
2002-04-22,2023
2002-04-23,1981
2002-04-24,1894
2002-04-25,1812
2002-04-26,1746
2002-04-27,1739
2002-04-28,1767
2002-04-29,1874
2002-04-30,2026
2002-05-01,2129
2002-05-02,2128
2002-05-03,2018
2002-05-04,1937
2002-05-05,2012
2002-05-06,2623
2002-05-07,3671
2002-05-08,4237
2002-05-09,4290
2002-05-10,3986
2002-05-11,3598
2002-05-12,3308
2002-05-13,3150
2002-05-14,3148
2002-05-15,3141
2002-05-16,3062
2002-05-17,2936
2002-05-18,2743
2002-05-19,2556
2002-05-20,2420
2002-05-21,2335
2002-05-22,2322
2002-05-23,2328
2002-05-24,2275
2002-05-25,2213
2002-05-26,2196
2002-05-27,2241
2002-05-28,2283
2002-05-29,2267
2002-05-30,2239
2002-05-31,2283
2002-06-01,2363
2002-06-02,2344
2002-06-03,2243
2002-06-04,2144
2002-06-05,2073
2002-06-06,2020
2002-06-07,2014
2002-06-08,2029
2002-06-09,2103
2002-06-10,2190
2002-06-11,2402
2002-06-12,2583
2002-06-13,2605
2002-06-14,2616
2002-06-15,2620
2002-06-16,2544
2002-06-17,2398
2002-06-18,2302
2002-06-19,2207
2002-06-20,2129
2002-06-21,2111
2002-06-22,2069
2002-06-23,2007
2002-06-24,1993
2002-06-25,1981
2002-06-26,1933
2002-06-27,1927
2002-06-28,1987
2002-06-29,1983
2002-06-30,1915
2002-07-01,1875
2002-07-02,1913
2002-07-03,1934
2002-07-04,1924
2002-07-05,1885
2002-07-06,1822
2002-07-07,1778
2002-07-08,1738
2002-07-09,1709
2002-07-10,1697
2002-07-11,1802
2002-07-12,1861
2002-07-13,1814
2002-07-14,1786
2002-07-15,1717
2002-07-16,1695
2002-07-17,1688
2002-07-18,1700
2002-07-19,1895
2002-07-20,2290
2002-07-21,2597
2002-07-22,2690
2002-07-23,2586
2002-07-24,2397
2002-07-25,2239
2002-07-26,2135
2002-07-27,2064
2002-07-28,1996
2002-07-29,1937
2002-07-30,1873
2002-07-31,1804
2002-08-01,1753
2002-08-02,1802
2002-08-03,1827
2002-08-04,1884
2002-08-05,1908
2002-08-06,1860
2002-08-07,1801
2002-08-08,1739
2002-08-09,1680
2002-08-10,1682
2002-08-11,1780
2002-08-12,1869
2002-08-13,1958
2002-08-14,2142
2002-08-15,2416
2002-08-16,2645
2002-08-17,2720
2002-08-18,2611
2002-08-19,2502
2002-08-20,2443
2002-08-21,2459
2002-08-22,2540
2002-08-23,2451
2002-08-24,2384
2002-08-25,2353
2002-08-26,2214
2002-08-27,2084
2002-08-28,1978
2002-08-29,1915
2002-08-30,2023
2002-08-31,2094
2002-09-01,1985
2002-09-02,1844
2002-09-03,1753
2002-09-04,1721
2002-09-05,1807
2002-09-06,1942
2002-09-07,1926
2002-09-08,1858
2002-09-09,1812
2002-09-10,1770
2002-09-11,1787
2002-09-12,1811
2002-09-13,1826
2002-09-14,1847
2002-09-15,1823
2002-09-16,1731
2002-09-17,1620
2002-09-18,1546
2002-09-19,1503
2002-09-20,1455
2002-09-21,1416
2002-09-22,1385
2002-09-23,1394
2002-09-24,1431
2002-09-25,1496
2002-09-26,1600
2002-09-27,1867
2002-09-28,2331
2002-09-29,2656
2002-09-30,2655
2002-10-01,2504
2002-10-02,2321
2002-10-03,2127
2002-10-04,1980
2002-10-05,1894
2002-10-06,1872
2002-10-07,1908
2002-10-08,1928
2002-10-09,1981
2002-10-10,2095
2002-10-11,2159
2002-10-12,2061
2002-10-13,1923
2002-10-14,1816
2002-10-15,1748
2002-10-16,1703
2002-10-17,1665
2002-10-18,1682
2002-10-19,1884
2002-10-20,2187
2002-10-21,2538
2002-10-22,2757
2002-10-23,2809
2002-10-24,2819
2002-10-25,2930
2002-10-26,3068
2002-10-27,3150
2002-10-28,3461
2002-10-29,3877
2002-10-30,4122
2002-10-31,3889
2002-11-01,3487
2002-11-02,3169
2002-11-03,3008
2002-11-04,3071
2002-11-05,3484
2002-11-06,4088
2002-11-07,4557
2002-11-08,4814
2002-11-09,4870
2002-11-10,4974
2002-11-11,5185
2002-11-12,5439
2002-11-13,5876
2002-11-14,6375
2002-11-15,6490
2002-11-16,6261
2002-11-17,5930
2002-11-18,5873
2002-11-19,6016
2002-11-20,5993
2002-11-21,5715
2002-11-22,5359
2002-11-23,5082
2002-11-24,4862
2002-11-25,4659
2002-11-26,4487
2002-11-27,4307
2002-11-28,4154
2002-11-29,3983
2002-11-30,3787
2002-12-01,3701
2002-12-02,3700
2002-12-03,3746
2002-12-04,3804
2002-12-05,3836
2002-12-06,3781
2002-12-07,3631
2002-12-08,3422
2002-12-09,3214
2002-12-10,3027
2002-12-11,2848
2002-12-12,2681
2002-12-13,2531
2002-12-14,2427
2002-12-15,2346
2002-12-16,2311
2002-12-17,2309
2002-12-18,2298
2002-12-19,2316
2002-12-20,2438
2002-12-21,2630
2002-12-22,2690
2002-12-23,2797
2002-12-24,3298
2002-12-25,4089
2002-12-26,4512
2002-12-27,4516
2002-12-28,4372
2002-12-29,4290
2002-12-30,4244
2002-12-31,4530
2003-01-01,5416
2003-01-02,6127
2003-01-03,6412
2003-01-04,7284
2003-01-05,8722
2003-01-06,9372
2003-01-07,9224
2003-01-08,8681
2003-01-09,7971
2003-01-10,7027
2003-01-11,5941
2003-01-12,5066
2003-01-13,4388
2003-01-14,3910
2003-01-15,3607
2003-01-16,3411
2003-01-17,3304
2003-01-18,3221
2003-01-19,3180
2003-01-20,3102
2003-01-21,2995
2003-01-22,2893
2003-01-23,2910
2003-01-24,3098
2003-01-25,3315
2003-01-26,3391
2003-01-27,3409
2003-01-28,3409
2003-01-29,3416
2003-01-30,3507
2003-01-31,3718
2003-02-01,3959
2003-02-02,3999
2003-02-03,3808
2003-02-04,3600
2003-02-05,3586
2003-02-06,3895
2003-02-07,4204
2003-02-08,4162
2003-02-09,3854
2003-02-10,3534
2003-02-11,3327
2003-02-12,3161
2003-02-13,2991
2003-02-14,2812
2003-02-15,2664
2003-02-16,2526
2003-02-17,2388
2003-02-18,2275
2003-02-19,2196
2003-02-20,2118
2003-02-21,2064
2003-02-22,2025
2003-02-23,1974
2003-02-24,1928
2003-02-25,1894
2003-02-26,1857
2003-02-27,1818
2003-02-28,1802
2003-03-01,1809
2003-03-02,1814
2003-03-03,1885
2003-03-04,2077
2003-03-05,2368
2003-03-06,2800
2003-03-07,3069
2003-03-08,3094
2003-03-09,3026
2003-03-10,2951
2003-03-11,2860
2003-03-12,2778
2003-03-13,2729
2003-03-14,2643
2003-03-15,2552
2003-03-16,2489
2003-03-17,2426
2003-03-18,2326
2003-03-19,2215
2003-03-20,2106
2003-03-21,2041
2003-03-22,1979
2003-03-23,1906
2003-03-24,1856
2003-03-25,1807
2003-03-26,1772
2003-03-27,1714
2003-03-28,1691
2003-03-29,1686
2003-03-30,1646
2003-03-31,1617
2003-04-01,1604
2003-04-02,1643
2003-04-03,1673
2003-04-04,1705
2003-04-05,1801
2003-04-06,1837
2003-04-07,1838
2003-04-08,1788
2003-04-09,1727
2003-04-10,1649
2003-04-11,1612
2003-04-12,1572
2003-04-13,1533
2003-04-14,1515
2003-04-15,1528
2003-04-16,1510
2003-04-17,1486
2003-04-18,1449
2003-04-19,1418
2003-04-20,1388
2003-04-21,1368
2003-04-22,1359
2003-04-23,1363
2003-04-24,1364
2003-04-25,1374
2003-04-26,1394
2003-04-27,1439
2003-04-28,1435
2003-04-29,1418
2003-04-30,1407
2003-05-01,1438
2003-05-02,1474
2003-05-03,1494
2003-05-04,1504
2003-05-05,1526
2003-05-06,1553
2003-05-07,1562
2003-05-08,1569
2003-05-09,1545
2003-05-10,1537
2003-05-11,1547
2003-05-12,1599
2003-05-13,1673
2003-05-14,1707
2003-05-15,1693
2003-05-16,1721
2003-05-17,1740
2003-05-18,1746
2003-05-19,1769
2003-05-20,1795
2003-05-21,1865
2003-05-22,1976
2003-05-23,1986
2003-05-24,1979
2003-05-25,2001
2003-05-26,1999
2003-05-27,1993
2003-05-28,1934
2003-05-29,1826
2003-05-30,1753
2003-05-31,1732
2003-06-01,1743
2003-06-02,1745
2003-06-03,1788
2003-06-04,1790
2003-06-05,1726
2003-06-06,1652
2003-06-07,1620
2003-06-08,1625
2003-06-09,1726
2003-06-10,1756
2003-06-11,1757
2003-06-12,1758
2003-06-13,1747
2003-06-14,1689
2003-06-15,1633
2003-06-16,1622
2003-06-17,1662
2003-06-18,1691
2003-06-19,1650
2003-06-20,1611
2003-06-21,1595
2003-06-22,1573
2003-06-23,1549
2003-06-24,1515
2003-06-25,1453
2003-06-26,1395
2003-06-27,1367
2003-06-28,1351
2003-06-29,1326
2003-06-30,1306
2003-07-01,1330
2003-07-02,1345
2003-07-03,1336
2003-07-04,1362
2003-07-05,1404
2003-07-06,1427
2003-07-07,1425
2003-07-08,1426
2003-07-09,1420
2003-07-10,1371
2003-07-11,1312
2003-07-12,1262
2003-07-13,1228
2003-07-14,1200
2003-07-15,1160
2003-07-16,1129
2003-07-17,1134
2003-07-18,1153
2003-07-19,1104
2003-07-20,1086
2003-07-21,1075
2003-07-22,1104
2003-07-23,1158
2003-07-24,1182
2003-07-25,1175
2003-07-26,1173
2003-07-27,1159
2003-07-28,1210
2003-07-29,1242
2003-07-30,1260
2003-07-31,1273
2003-08-01,1270
2003-08-02,1266
2003-08-03,1231
2003-08-04,1202
2003-08-05,1183
2003-08-06,1150
2003-08-07,1112
2003-08-08,1084
2003-08-09,1062
2003-08-10,1028
2003-08-11,1000
2003-08-12,981
2003-08-13,975
2003-08-14,957
2003-08-15,940
2003-08-16,917
2003-08-17,892
2003-08-18,893
2003-08-19,942
2003-08-20,1001
2003-08-21,1004
2003-08-22,997
2003-08-23,982
2003-08-24,955
2003-08-25,928
2003-08-26,918
2003-08-27,906
2003-08-28,901
2003-08-29,909
2003-08-30,953
2003-08-31,953
2003-09-01,962
2003-09-02,989
2003-09-03,992
2003-09-04,994
2003-09-05,1009
2003-09-06,1017
2003-09-07,998
2003-09-08,966
2003-09-09,1008
2003-09-10,1068
2003-09-11,1124
2003-09-12,1088
2003-09-13,1025
2003-09-14,979
2003-09-15,954
2003-09-16,949
2003-09-17,956
2003-09-18,948
2003-09-19,911
2003-09-20,876
2003-09-21,854
2003-09-22,844
2003-09-23,846
2003-09-24,852
2003-09-25,839
2003-09-26,820
2003-09-27,797
2003-09-28,788
2003-09-29,796
2003-09-30,799
2003-10-01,793
2003-10-02,812
2003-10-03,865
2003-10-04,905
2003-10-05,998
2003-10-06,986
2003-10-07,989
2003-10-08,1087
2003-10-09,1241
2003-10-10,1450
2003-10-11,1589
2003-10-12,1724
2003-10-13,1779
2003-10-14,1779
2003-10-15,1702
2003-10-16,1584
2003-10-17,1492
2003-10-18,1423
2003-10-19,1360
2003-10-20,1301
2003-10-21,1260
2003-10-22,1232
2003-10-23,1199
2003-10-24,1206
2003-10-25,1210
2003-10-26,1197
2003-10-27,1181
2003-10-28,1167
2003-10-29,1145
2003-10-30,1130
2003-10-31,1119
2003-11-01,1125
2003-11-02,1159
2003-11-03,1220
2003-11-04,1274
2003-11-05,1298
2003-11-06,1318
2003-11-07,1322
2003-11-08,1289
2003-11-09,1252
2003-11-10,1205
2003-11-11,1165
2003-11-12,1116
2003-11-13,1086
2003-11-14,1052
2003-11-15,1033
2003-11-16,1022
2003-11-17,1052
2003-11-18,1127
2003-11-19,1201
2003-11-20,1237
2003-11-21,1248
2003-11-22,1240
2003-11-23,1201
2003-11-24,1153
2003-11-25,1129
2003-11-26,1102
2003-11-27,1074
2003-11-28,1051
2003-11-29,1067
2003-11-30,1093
2003-12-01,1133
2003-12-02,1229
2003-12-03,1325
2003-12-04,1330
2003-12-05,1266
2003-12-06,1216
2003-12-07,1189
2003-12-08,1161
2003-12-09,1147
2003-12-10,1112
2003-12-11,1087
2003-12-12,1068
2003-12-13,1065
2003-12-14,1166
2003-12-15,1477
2003-12-16,1812
2003-12-17,1872
2003-12-18,1786
2003-12-19,1674
2003-12-20,1550
2003-12-21,1467
2003-12-22,1411
2003-12-23,1413
2003-12-24,1470
2003-12-25,1539
2003-12-26,1611
2003-12-27,1608
2003-12-28,1567
2003-12-29,1532
2003-12-30,1522
2003-12-31,1512
2004-01-01,1475
2004-01-02,1428
2004-01-03,1367
2004-01-04,1295
2004-01-05,1239
2004-01-06,1209
2004-01-07,1203
2004-01-08,1188
2004-01-09,1193
2004-01-10,1264
2004-01-11,1381
2004-01-12,1654
2004-01-13,2141
2004-01-14,2983
2004-01-15,4143
2004-01-16,5171
2004-01-17,6036
2004-01-18,6632
2004-01-19,6611
2004-01-20,6049
2004-01-21,5681
2004-01-22,5365
2004-01-23,5075
2004-01-24,4748
2004-01-25,4262
2004-01-26,3759
2004-01-27,3340
2004-01-28,3044
2004-01-29,2799
2004-01-30,2615
2004-01-31,2467
2004-02-01,2398
2004-02-02,2387
2004-02-03,2705
2004-02-04,3291
2004-02-05,3505
2004-02-06,3369
2004-02-07,3175
2004-02-08,2976
2004-02-09,2839
2004-02-10,2769
2004-02-11,2800
2004-02-12,2922
2004-02-13,2911
2004-02-14,2845
2004-02-15,2751
2004-02-16,2628
2004-02-17,2507
2004-02-18,2386
2004-02-19,2280
2004-02-20,2167
2004-02-21,2070
2004-02-22,1960
2004-02-23,1867
2004-02-24,1807
2004-02-25,1760
2004-02-26,1748
2004-02-27,1757
2004-02-28,1736
2004-02-29,1699
2004-03-01,1641
2004-03-02,1614
2004-03-03,1582
2004-03-04,1549
2004-03-05,1499
2004-03-06,1466
2004-03-07,1445
2004-03-08,1430
2004-03-09,1430
2004-03-10,1435
2004-03-11,1459
2004-03-12,1467
2004-03-13,1467
2004-03-14,1437
2004-03-15,1443
2004-03-16,1471
2004-03-17,1502
2004-03-18,1540
2004-03-19,1592
2004-03-20,1637
2004-03-21,1708
2004-03-22,1759
2004-03-23,1932
2004-03-24,2130
2004-03-25,2222
2004-03-26,2209
2004-03-27,2147
2004-03-28,2095
2004-03-29,2066
2004-03-30,2011
2004-03-31,1912
2004-04-01,1817
2004-04-02,1732
2004-04-03,1670
2004-04-04,1651
2004-04-05,1645
2004-04-06,1690
2004-04-07,1719
2004-04-08,1748
2004-04-09,1866
2004-04-10,2068
2004-04-11,2165
2004-04-12,2144
2004-04-13,2062
2004-04-14,1981
2004-04-15,1897
2004-04-16,1827
2004-04-17,1755
2004-04-18,1684
2004-04-19,1635
2004-04-20,1576
2004-04-21,1555
2004-04-22,1531
2004-04-23,1519
2004-04-24,1544
2004-04-25,1534
2004-04-26,1517
2004-04-27,1492
2004-04-28,1500
2004-04-29,1525
2004-04-30,1540
2004-05-01,1527
2004-05-02,1534
2004-05-03,1574
2004-05-04,1622
2004-05-05,1612
2004-05-06,1583
2004-05-07,1568
2004-05-08,1762
2004-05-09,2162
2004-05-10,2837
2004-05-11,3367
2004-05-12,3287
2004-05-13,3132
2004-05-14,2914
2004-05-15,2640
2004-05-16,2384
2004-05-17,2226
2004-05-18,2099
2004-05-19,1969
2004-05-20,1852
2004-05-21,1735
2004-05-22,1684
2004-05-23,1630
2004-05-24,1606
2004-05-25,1657
2004-05-26,1710
2004-05-27,1710
2004-05-28,1684
2004-05-29,1637
2004-05-30,1595
2004-05-31,1569
2004-06-01,1612
2004-06-02,1625
2004-06-03,1620
2004-06-04,1640
2004-06-05,1653
2004-06-06,1807
2004-06-07,2137
2004-06-08,2470
2004-06-09,2534
2004-06-10,2442
2004-06-11,2358
2004-06-12,2319
2004-06-13,2357
2004-06-14,2362
2004-06-15,2293
2004-06-16,2224
2004-06-17,2177
2004-06-18,2119
2004-06-19,2082
2004-06-20,2035
2004-06-21,1978
2004-06-22,1935
2004-06-23,1870
2004-06-24,1871
2004-06-25,1858
2004-06-26,1798
2004-06-27,1731
2004-06-28,1675
2004-06-29,1618
2004-06-30,1570
2004-07-01,1529
2004-07-02,1503
2004-07-03,1504
2004-07-04,1504
2004-07-05,1527
2004-07-06,1556
2004-07-07,1534
2004-07-08,1490
2004-07-09,1473
2004-07-10,1517
2004-07-11,1645
2004-07-12,1693
2004-07-13,1725
2004-07-14,1733
2004-07-15,1720
2004-07-16,1726
2004-07-17,1691
2004-07-18,1696
2004-07-19,1772
2004-07-20,1775
2004-07-21,1804
2004-07-22,1759
2004-07-23,1703
2004-07-24,1612
2004-07-25,1575
2004-07-26,1601
2004-07-27,1648
2004-07-28,1628
2004-07-29,1649
2004-07-30,1620
2004-07-31,1546
2004-08-01,1484
2004-08-02,1439
2004-08-03,1413
2004-08-04,1375
2004-08-05,1344
2004-08-06,1319
2004-08-07,1294
2004-08-08,1265
2004-08-09,1263
2004-08-10,1299
2004-08-11,1310
2004-08-12,1357
2004-08-13,1413
2004-08-14,1423
2004-08-15,1402
2004-08-16,1445
2004-08-17,1491
2004-08-18,1504
2004-08-19,1525
2004-08-20,1522
2004-08-21,1535
2004-08-22,1538
2004-08-23,1519
2004-08-24,1532
2004-08-25,1534
2004-08-26,1547
2004-08-27,1622
2004-08-28,1743
2004-08-29,1839
2004-08-30,1904
2004-08-31,2037
2004-09-01,2101
2004-09-02,2048
2004-09-03,1971
2004-09-04,1889
2004-09-05,1776
2004-09-06,1675
2004-09-07,1598
2004-09-08,1525
2004-09-09,1452
2004-09-10,1383
2004-09-11,1343
2004-09-12,1358
2004-09-13,1314
2004-09-14,1270
2004-09-15,1252
2004-09-16,1234
2004-09-17,1215
2004-09-18,1188
2004-09-19,1189
2004-09-20,1190
2004-09-21,1190
2004-09-22,1164
2004-09-23,1200
2004-09-24,1339
2004-09-25,1442
2004-09-26,1487
2004-09-27,1517
2004-09-28,1550
2004-09-29,1594
2004-09-30,1602
2004-10-01,1574
2004-10-02,1525
2004-10-03,1471
2004-10-04,1435
2004-10-05,1410
2004-10-06,1419
2004-10-07,1380
2004-10-08,1308
2004-10-09,1263
2004-10-10,1233
2004-10-11,1227
2004-10-12,1242
2004-10-13,1296
2004-10-14,1376
2004-10-15,1441
2004-10-16,1447
2004-10-17,1411
2004-10-18,1405
2004-10-19,1450
2004-10-20,1526
2004-10-21,1581
2004-10-22,1688
2004-10-23,1763
2004-10-24,1792
2004-10-25,1754
2004-10-26,1687
2004-10-27,1593
2004-10-28,1530
2004-10-29,1519
2004-10-30,1752
2004-10-31,2070
2004-11-01,2161
2004-11-02,2229
2004-11-03,2246
2004-11-04,2105
2004-11-05,1960
2004-11-06,1851
2004-11-07,1780
2004-11-08,1740
2004-11-09,1709
2004-11-10,1652
2004-11-11,1652
2004-11-12,1605
2004-11-13,1591
2004-11-14,1581
2004-11-15,1567
2004-11-16,1537
2004-11-17,1528
2004-11-18,1526
2004-11-19,1706
2004-11-20,2183
2004-11-21,2421
2004-11-22,2374
2004-11-23,2259
2004-11-24,2235
2004-11-25,2225
2004-11-26,2149
2004-11-27,2072
2004-11-28,2020
2004-11-29,1943
2004-11-30,1848
2004-12-01,1735
2004-12-02,1649
2004-12-03,1605
2004-12-04,1564
2004-12-05,1512
2004-12-06,1483
2004-12-07,1485
2004-12-08,1451
2004-12-09,1424
2004-12-10,1377
2004-12-11,1348
2004-12-12,1317
2004-12-13,1290
2004-12-14,1261
2004-12-15,1232
2004-12-16,1206
2004-12-17,1191
2004-12-18,1223
2004-12-19,1282
2004-12-20,1382
2004-12-21,1551
2004-12-22,1759
2004-12-23,1894
2004-12-24,1879
2004-12-25,1809
2004-12-26,1880
2004-12-27,2136
2004-12-28,2441
2004-12-29,2537
2004-12-30,2460
2004-12-31,2291
2005-01-01,2145
2005-01-02,2049
2005-01-03,2005
2005-01-04,2003
2005-01-05,2040
2005-01-06,2137
2005-01-07,2190
2005-01-08,2203
2005-01-09,2224
2005-01-10,2243
2005-01-11,2216
2005-01-12,2127
2005-01-13,2033
2005-01-14,1942
2005-01-15,1876
2005-01-16,1807
2005-01-17,1755
2005-01-18,1720
2005-01-19,1790
2005-01-20,1872
2005-01-21,2164
2005-01-22,2730
2005-01-23,3245
2005-01-24,3676
2005-01-25,3917
2005-01-26,3652
2005-01-27,3190
2005-01-28,2779
2005-01-29,2534
2005-01-30,2298
2005-01-31,2147
2005-02-01,2057
2005-02-02,2039
2005-02-03,2041
2005-02-04,2068
2005-02-05,2101
2005-02-06,2062
2005-02-07,2019
2005-02-08,1963
2005-02-09,1869
2005-02-10,1758
2005-02-11,1729
2005-02-12,1940
2005-02-13,2348
2005-02-14,3279
2005-02-15,4297
2005-02-16,5218
2005-02-17,5464
2005-02-18,5093
2005-02-19,4518
2005-02-20,3940
2005-02-21,3425
2005-02-22,3079
2005-02-23,2832
2005-02-24,2673
2005-02-25,2526
2005-02-26,2375
2005-02-27,2229
2005-02-28,2111
2005-03-01,2016
2005-03-02,1917
2005-03-03,1822
2005-03-04,1755
2005-03-05,1716
2005-03-06,1667
2005-03-07,1634
2005-03-08,1615
2005-03-09,1581
2005-03-10,1556
2005-03-11,1581
2005-03-12,1676
2005-03-13,1862
2005-03-14,2034
2005-03-15,2188
2005-03-16,2247
2005-03-17,2194
2005-03-18,2232
2005-03-19,2450
2005-03-20,2784
2005-03-21,3062
2005-03-22,3100
2005-03-23,2984
2005-03-24,2850
2005-03-25,2690
2005-03-26,2568
2005-03-27,2508
2005-03-28,2544
2005-03-29,2683
2005-03-30,2762
2005-03-31,2758
2005-04-01,2740
2005-04-02,2758
2005-04-03,2778
2005-04-04,2679
2005-04-05,2510
2005-04-06,2344
2005-04-07,2222
2005-04-08,2131
2005-04-09,2125
2005-04-10,2181
2005-04-11,2365
2005-04-12,2572
2005-04-13,2588
2005-04-14,2507
2005-04-15,2387
2005-04-16,2268
2005-04-17,2179
2005-04-18,2106
2005-04-19,2072
2005-04-20,2211
2005-04-21,2687
2005-04-22,3190
2005-04-23,3495
2005-04-24,3603
2005-04-25,3478
2005-04-26,3255
2005-04-27,3104
2005-04-28,3147
2005-04-29,3239
2005-04-30,3163
2005-05-01,2993
2005-05-02,2813
2005-05-03,2655
2005-05-04,2511
2005-05-05,2393
2005-05-06,2346
2005-05-07,2398
2005-05-08,2513
2005-05-09,2694
2005-05-10,2900
2005-05-11,3041
2005-05-12,3063
2005-05-13,2927
2005-05-14,2729
2005-05-15,2547
2005-05-16,2490
2005-05-17,2496
2005-05-18,2444
2005-05-19,2361
2005-05-20,2330
2005-05-21,2342
2005-05-22,2261
2005-05-23,2184
2005-05-24,2165
2005-05-25,2147
2005-05-26,2170
2005-05-27,2270
2005-05-28,2294
2005-05-29,2185
2005-05-30,2109
2005-05-31,2102
2005-06-01,2061
2005-06-02,2011
2005-06-03,1979
2005-06-04,1952
2005-06-05,1941
2005-06-06,1961
2005-06-07,1970
2005-06-08,1939
2005-06-09,1914
2005-06-10,1869
2005-06-11,1828
2005-06-12,1802
2005-06-13,1768
2005-06-14,1727
2005-06-15,1657
2005-06-16,1587
2005-06-17,1574
2005-06-18,1566
2005-06-19,1561
2005-06-20,1571
2005-06-21,1529
2005-06-22,1482
2005-06-23,1442
2005-06-24,1405
2005-06-25,1396
2005-06-26,1389
2005-06-27,1368
2005-06-28,1392
2005-06-29,1412
2005-06-30,1471
2005-07-01,1635
2005-07-02,1754
2005-07-03,1711
2005-07-04,1674
2005-07-05,1659
2005-07-06,1619
2005-07-07,1573
2005-07-08,1554
2005-07-09,1606
2005-07-10,1678
2005-07-11,1681
2005-07-12,1666
2005-07-13,1624
2005-07-14,1573
2005-07-15,1553
2005-07-16,1528
2005-07-17,1491
2005-07-18,1445
2005-07-19,1409
2005-07-20,1366
2005-07-21,1328
2005-07-22,1313
2005-07-23,1350
2005-07-24,1367
2005-07-25,1365
2005-07-26,1368
2005-07-27,1378
2005-07-28,1378
2005-07-29,1440
2005-07-30,1502
2005-07-31,1524
2005-08-01,1508
2005-08-02,1498
2005-08-03,1479
2005-08-04,1428
2005-08-05,1370
2005-08-06,1373
2005-08-07,1525
2005-08-08,1656
2005-08-09,1635
2005-08-10,1569
2005-08-11,1515
2005-08-12,1497
2005-08-13,1485
2005-08-14,1496
2005-08-15,1559
2005-08-16,1593
2005-08-17,1617
2005-08-18,1542
2005-08-19,1510
2005-08-20,1566
2005-08-21,1571
2005-08-22,1527
2005-08-23,1518
2005-08-24,1561
2005-08-25,1778
2005-08-26,2240
2005-08-27,2712
2005-08-28,2871
2005-08-29,2767
2005-08-30,2613
2005-08-31,2490
2005-09-01,2402
2005-09-02,2326
2005-09-03,2248
2005-09-04,2177
2005-09-05,2122
2005-09-06,2048
2005-09-07,1940
2005-09-08,1818
2005-09-09,1716
2005-09-10,1642
2005-09-11,1613
2005-09-12,1594
2005-09-13,1639
2005-09-14,1772
2005-09-15,1884
2005-09-16,1905
2005-09-17,1880
2005-09-18,1774
2005-09-19,1691
2005-09-20,1642
2005-09-21,1624
2005-09-22,1574
2005-09-23,1494
2005-09-24,1417
2005-09-25,1344
2005-09-26,1291
2005-09-27,1254
2005-09-28,1226
2005-09-29,1200
2005-09-30,1191
2005-10-01,1184
2005-10-02,1212
2005-10-03,1224
2005-10-04,1263
2005-10-05,1327
2005-10-06,1407
2005-10-07,1538
2005-10-08,1641
2005-10-09,1689
2005-10-10,1631
2005-10-11,1542
2005-10-12,1477
2005-10-13,1409
2005-10-14,1338
2005-10-15,1289
2005-10-16,1231
2005-10-17,1184
2005-10-18,1156
2005-10-19,1133
2005-10-20,1110
2005-10-21,1091
2005-10-22,1084
2005-10-23,1117
2005-10-24,1167
2005-10-25,1188
2005-10-26,1224
2005-10-27,1226
2005-10-28,1201
2005-10-29,1158
2005-10-30,1110
2005-10-31,1080
2005-11-01,1066
2005-11-02,1059
2005-11-03,1052
2005-11-04,1048
2005-11-05,1057
2005-11-06,1073
2005-11-07,1110
2005-11-08,1136
2005-11-09,1146
2005-11-10,1124
2005-11-11,1094
2005-11-12,1062
2005-11-13,1033
2005-11-14,1007
2005-11-15,999
2005-11-16,1022
2005-11-17,1042
2005-11-18,1027
2005-11-19,1021
2005-11-20,1018
2005-11-21,1008
2005-11-22,1005
2005-11-23,991
2005-11-24,975
2005-11-25,996
2005-11-26,1026
2005-11-27,1025
2005-11-28,1025
2005-11-29,1016
2005-11-30,1020
2005-12-01,1028
2005-12-02,1009
2005-12-03,1006
2005-12-04,1024
2005-12-05,1067
2005-12-06,1208
2005-12-07,1451
2005-12-08,1656
2005-12-09,1683
2005-12-10,1624
2005-12-11,1528
2005-12-12,1433
2005-12-13,1348
2005-12-14,1289
2005-12-15,1237
2005-12-16,1230
2005-12-17,1267
2005-12-18,1362
2005-12-19,1419
2005-12-20,1503
2005-12-21,1567
2005-12-22,1556
2005-12-23,1508
2005-12-24,1468
2005-12-25,1438
2005-12-26,1442
2005-12-27,1440
2005-12-28,1426
2005-12-29,1399
2005-12-30,1361
2005-12-31,1310
2006-01-01,1272
2006-01-02,1261
2006-01-03,1320
2006-01-04,1581
2006-01-05,1906
2006-01-06,1885
2006-01-07,1733
2006-01-08,1581
2006-01-09,1482
2006-01-10,1400
2006-01-11,1328
2006-01-12,1277
2006-01-13,1229
2006-01-14,1186
2006-01-15,1158
2006-01-16,1124
2006-01-17,1092
2006-01-18,1085
2006-01-19,1097
2006-01-20,1141
2006-01-21,1275
2006-01-22,1450
2006-01-23,1591
2006-01-24,1645
2006-01-25,1610
2006-01-26,1550
2006-01-27,1449
2006-01-28,1362
2006-01-29,1287
2006-01-30,1231
2006-01-31,1195
2006-02-01,1163
2006-02-02,1130
2006-02-03,1085
2006-02-04,1059
2006-02-05,1047
2006-02-06,1036
2006-02-07,1050
2006-02-08,1065
2006-02-09,1130
2006-02-10,1208
2006-02-11,1274
2006-02-12,1308
2006-02-13,1299
2006-02-14,1240
2006-02-15,1168
2006-02-16,1173
2006-02-17,1282
2006-02-18,1728
2006-02-19,2599
2006-02-20,3549
2006-02-21,3969
2006-02-22,3866
2006-02-23,3415
2006-02-24,2986
2006-02-25,2618
2006-02-26,2323
2006-02-27,2099
2006-02-28,1945
2006-03-01,1819
2006-03-02,1728
2006-03-03,1621
2006-03-04,1547
2006-03-05,1491
2006-03-06,1481
2006-03-07,1659
2006-03-08,1879
2006-03-09,1971
2006-03-10,2143
2006-03-11,2806
2006-03-12,4197
2006-03-13,5267
2006-03-14,5668
2006-03-15,5402
2006-03-16,4725
2006-03-17,3935
2006-03-18,3264
2006-03-19,2830
2006-03-20,2563
2006-03-21,2361
2006-03-22,2184
2006-03-23,2077
2006-03-24,2023
2006-03-25,2064
2006-03-26,2221
2006-03-27,2461
2006-03-28,2835
2006-03-29,3377
2006-03-30,3880
2006-03-31,4198
2006-04-01,4630
2006-04-02,5264
2006-04-03,5625
2006-04-04,5675
2006-04-05,5504
2006-04-06,5232
2006-04-07,4877
2006-04-08,4485
2006-04-09,4147
2006-04-10,3899
2006-04-11,3674
2006-04-12,3480
2006-04-13,3515
2006-04-14,3881
2006-04-15,4144
2006-04-16,4140
2006-04-17,4025
2006-04-18,3952
2006-04-19,3943
2006-04-20,3898
2006-04-21,3808
2006-04-22,3645
2006-04-23,3448
2006-04-24,3258
2006-04-25,3092
2006-04-26,2967
2006-04-27,2855
2006-04-28,2759
2006-04-29,2717
2006-04-30,2733
2006-05-01,2812
2006-05-02,2842
2006-05-03,2882
2006-05-04,2812
2006-05-05,2664
2006-05-06,2469
2006-05-07,2290
2006-05-08,2177
2006-05-09,2105
2006-05-10,2077
2006-05-11,2065
2006-05-12,2100
2006-05-13,2241
2006-05-14,2309
2006-05-15,2334
2006-05-16,2312
2006-05-17,2252
2006-05-18,2297
2006-05-19,2457
2006-05-20,2504
2006-05-21,2521
2006-05-22,2579
2006-05-23,2738
2006-05-24,2759
2006-05-25,2730
2006-05-26,2707
2006-05-27,2749
2006-05-28,3018
2006-05-29,3426
2006-05-30,3691
2006-05-31,3670
2006-06-01,3588
2006-06-02,3711
2006-06-03,3913
2006-06-04,3993
2006-06-05,3930
2006-06-06,3759
2006-06-07,3498
2006-06-08,3248
2006-06-09,3040
2006-06-10,2822
2006-06-11,2638
2006-06-12,2479
2006-06-13,2316
2006-06-14,2177
2006-06-15,2082
2006-06-16,2000
2006-06-17,1935
2006-06-18,1894
2006-06-19,1872
2006-06-20,1895
2006-06-21,1902
2006-06-22,1887
2006-06-23,1858
2006-06-24,1847
2006-06-25,1805
2006-06-26,1813
2006-06-27,1811
2006-06-28,1820
2006-06-29,1844
2006-06-30,1783
2006-07-01,1766
2006-07-02,1815
2006-07-03,1807
2006-07-04,1746
2006-07-05,1672
2006-07-06,1624
2006-07-07,1582
2006-07-08,1543
2006-07-09,1607
2006-07-10,1672
2006-07-11,1692
2006-07-12,1651
2006-07-13,1562
2006-07-14,1489
2006-07-15,1441
2006-07-16,1415
2006-07-17,1380
2006-07-18,1355
2006-07-19,1317
2006-07-20,1270
2006-07-21,1240
2006-07-22,1211
2006-07-23,1188
2006-07-24,1184
2006-07-25,1173
2006-07-26,1179
2006-07-27,1184
2006-07-28,1170
2006-07-29,1152
2006-07-30,1162
2006-07-31,1180
2006-08-01,1196
2006-08-02,1183
2006-08-03,1200
2006-08-04,1205
2006-08-05,1239
2006-08-06,1232
2006-08-07,1232
2006-08-08,1300
2006-08-09,1371
2006-08-10,1453
2006-08-11,1510
2006-08-12,1517
2006-08-13,1505
2006-08-14,1515
2006-08-15,1532
2006-08-16,1593
2006-08-17,1757
2006-08-18,1880
2006-08-19,1892
2006-08-20,1926
2006-08-21,1890
2006-08-22,1830
2006-08-23,1768
2006-08-24,1667
2006-08-25,1630
2006-08-26,1632
2006-08-27,1638
2006-08-28,1695
2006-08-29,1782
2006-08-30,1785
2006-08-31,1976
2006-09-01,2223
2006-09-02,2365
2006-09-03,2375
2006-09-04,2336
2006-09-05,2212
2006-09-06,2052
2006-09-07,1890
2006-09-08,1765
2006-09-09,1658
2006-09-10,1561
2006-09-11,1519
2006-09-12,1493
2006-09-13,1468
2006-09-14,1428
2006-09-15,1380
2006-09-16,1346
2006-09-17,1311
2006-09-18,1294
2006-09-19,1372
2006-09-20,1451
2006-09-21,1753
2006-09-22,2196
2006-09-23,2379
2006-09-24,2276
2006-09-25,2086
2006-09-26,1925
2006-09-27,1780
2006-09-28,1703
2006-09-29,1817
2006-09-30,1959
2006-10-01,1989
2006-10-02,1913
2006-10-03,1819
2006-10-04,1781
2006-10-05,2090
2006-10-06,2847
2006-10-07,3534
2006-10-08,3807
2006-10-09,3566
2006-10-10,3081
2006-10-11,2755
2006-10-12,2467
2006-10-13,2222
2006-10-14,2041
2006-10-15,1900
2006-10-16,1798
2006-10-17,1702
2006-10-18,1618
2006-10-19,1533
2006-10-20,1475
2006-10-21,1442
2006-10-22,1418
2006-10-23,1401
2006-10-24,1432
2006-10-25,1454
2006-10-26,1459
2006-10-27,1773
2006-10-28,1976
2006-10-29,1798
2006-10-30,1599
2006-10-31,1496
2006-11-01,1452
2006-11-02,1383
2006-11-03,1333
2006-11-04,1309
2006-11-05,1286
2006-11-06,1247
2006-11-07,1220
2006-11-08,1203
2006-11-09,1191
2006-11-10,1180
2006-11-11,1169
2006-11-12,1191
2006-11-13,1212
2006-11-14,1214
2006-11-15,1252
2006-11-16,1320
2006-11-17,1376
2006-11-18,1404
2006-11-19,1410
2006-11-20,1429
2006-11-21,1445
2006-11-22,1486
2006-11-23,1530
2006-11-24,1648
2006-11-25,1860
2006-11-26,2128
2006-11-27,2207
2006-11-28,2118
2006-11-29,1984
2006-11-30,1817
2006-12-01,1653
2006-12-02,1539
2006-12-03,1467
2006-12-04,1437
2006-12-05,1423
2006-12-06,1439
2006-12-07,1576
2006-12-08,1803
2006-12-09,1948
2006-12-10,2059
2006-12-11,2227
2006-12-12,2276
2006-12-13,2379
2006-12-14,2437
2006-12-15,2365
2006-12-16,2234
2006-12-17,2092
2006-12-18,1956
2006-12-19,1834
2006-12-20,1740
2006-12-21,1650
2006-12-22,1588
2006-12-23,1530
2006-12-24,1466
2006-12-25,1424
2006-12-26,1387
2006-12-27,1355
2006-12-28,1327
2006-12-29,1299
2006-12-30,1262
2006-12-31,1262
2007-01-01,1263
2007-01-02,1288
2007-01-03,1432
2007-01-04,1768
2007-01-05,2073
2007-01-06,2338
2007-01-07,2447
2007-01-08,2525
2007-01-09,2720
2007-01-10,2816
2007-01-11,2884
2007-01-12,2995
2007-01-13,3094
2007-01-14,3116
2007-01-15,3059
2007-01-16,2906
2007-01-17,2693
2007-01-18,2551
2007-01-19,2680
2007-01-20,3281
2007-01-21,4084
2007-01-22,4401
2007-01-23,4473
2007-01-24,4241
2007-01-25,3827
2007-01-26,3365
2007-01-27,2975
2007-01-28,2673
2007-01-29,2444
2007-01-30,2313
2007-01-31,2240
2007-02-01,2208
2007-02-02,2222
2007-02-03,2200
2007-02-04,2107
2007-02-05,2019
2007-02-06,1934
2007-02-07,1858
2007-02-08,1802
2007-02-09,1790
2007-02-10,1855
2007-02-11,2055
2007-02-12,2273
2007-02-13,2535
2007-02-14,3187
2007-02-15,4013
2007-02-16,4449
2007-02-17,4591
2007-02-18,4528
2007-02-19,4297
2007-02-20,3898
2007-02-21,3436
2007-02-22,3054
2007-02-23,2764
2007-02-24,2531
2007-02-25,2382
2007-02-26,2338
2007-02-27,2472
2007-02-28,2699
2007-03-01,2991
2007-03-02,3486
2007-03-03,4268
2007-03-04,5114
2007-03-05,5699
2007-03-06,6028
2007-03-07,5861
2007-03-08,5424
2007-03-09,4967
2007-03-10,4543
2007-03-11,4124
2007-03-12,3708
2007-03-13,3384
2007-03-14,3109
2007-03-15,2877
2007-03-16,2682
2007-03-17,2543
2007-03-18,2428
2007-03-19,2340
2007-03-20,2261
2007-03-21,2246
2007-03-22,2250
2007-03-23,2329
2007-03-24,2437
2007-03-25,2652
2007-03-26,2999
2007-03-27,3312
2007-03-28,3391
2007-03-29,3253
2007-03-30,3031
2007-03-31,2860
2007-04-01,2718
2007-04-02,2689
2007-04-03,2729
2007-04-04,2635
2007-04-05,2460
2007-04-06,2296
2007-04-07,2185
2007-04-08,2102
2007-04-09,2040
2007-04-10,1967
2007-04-11,1909
2007-04-12,1835
2007-04-13,1772
2007-04-14,1707
2007-04-15,1653
2007-04-16,1605
2007-04-17,1577
2007-04-18,1535
2007-04-19,1507
2007-04-20,1485
2007-04-21,1464
2007-04-22,1451
2007-04-23,1443
2007-04-24,1429
2007-04-25,1415
2007-04-26,1387
2007-04-27,1374
2007-04-28,1353
2007-04-29,1325
2007-04-30,1297
2007-05-01,1282
2007-05-02,1295
2007-05-03,1282
2007-05-04,1273
2007-05-05,1262
2007-05-06,1234
2007-05-07,1237
2007-05-08,1305
2007-05-09,1394
2007-05-10,1499
2007-05-11,1574
2007-05-12,1695
2007-05-13,1824
2007-05-14,1779
2007-05-15,1659
2007-05-16,1603
2007-05-17,1598
2007-05-18,1649
2007-05-19,1755
2007-05-20,1814
2007-05-21,1915
2007-05-22,2028
2007-05-23,2019
2007-05-24,1950
2007-05-25,1862
2007-05-26,1801
2007-05-27,1782
2007-05-28,1780
2007-05-29,1775
2007-05-30,1774
2007-05-31,1837
2007-06-01,2186
2007-06-02,2560
2007-06-03,2535
2007-06-04,2415
2007-06-05,2348
2007-06-06,2316
2007-06-07,2252
2007-06-08,2147
2007-06-09,2062
2007-06-10,1977
2007-06-11,1944
2007-06-12,2010
2007-06-13,2058
2007-06-14,2031
2007-06-15,2057
2007-06-16,2052
2007-06-17,2024
2007-06-18,2057
2007-06-19,2169
2007-06-20,2260
2007-06-21,2218
2007-06-22,2278
2007-06-23,2437
2007-06-24,2554
2007-06-25,2721
2007-06-26,2851
2007-06-27,2770
2007-06-28,2666
2007-06-29,2565
2007-06-30,2493
2007-07-01,2437
2007-07-02,2364
2007-07-03,2267
2007-07-04,2212
2007-07-05,2264
2007-07-06,2556
2007-07-07,2820
2007-07-08,3013
2007-07-09,3114
2007-07-10,3076
2007-07-11,2974
2007-07-12,2926
2007-07-13,2880
2007-07-14,2869
2007-07-15,2847
2007-07-16,2786
2007-07-17,2673
2007-07-18,2493
2007-07-19,2336
2007-07-20,2241
2007-07-21,2217
2007-07-22,2174
2007-07-23,2118
2007-07-24,2108
2007-07-25,2164
2007-07-26,2303
2007-07-27,2373
2007-07-28,2370
2007-07-29,2379
2007-07-30,2357
2007-07-31,2291
2007-08-01,2211
2007-08-02,2143
2007-08-03,2121
2007-08-04,2094
2007-08-05,1997
2007-08-06,1932
2007-08-07,1929
2007-08-08,1931
2007-08-09,1915
2007-08-10,2181
2007-08-11,2841
2007-08-12,3534
2007-08-13,4147
2007-08-14,4451
2007-08-15,4318
2007-08-16,3942
2007-08-17,3643
2007-08-18,3405
2007-08-19,3206
2007-08-20,3001
2007-08-21,2802
2007-08-22,2781
2007-08-23,3209
2007-08-24,3732
2007-08-25,3924
2007-08-26,3526
2007-08-27,3064
2007-08-28,2735
2007-08-29,2440
2007-08-30,2218
2007-08-31,2057
2007-09-01,1966
2007-09-02,2010
2007-09-03,2215
2007-09-04,2436
2007-09-05,2410
2007-09-06,2302
2007-09-07,2193
2007-09-08,2124
2007-09-09,2068
2007-09-10,2028
2007-09-11,1998
2007-09-12,1943
2007-09-13,1880
2007-09-14,1852
2007-09-15,1792
2007-09-16,1733
2007-09-17,1664
2007-09-18,1619
2007-09-19,1633
2007-09-20,1592
2007-09-21,1588
2007-09-22,1658
2007-09-23,1696
2007-09-24,1649
2007-09-25,1574
2007-09-26,1534
2007-09-27,1502
2007-09-28,1509
2007-09-29,1649
2007-09-30,1960
2007-10-01,2162
2007-10-02,2200
2007-10-03,2149
2007-10-04,2036
2007-10-05,1941
2007-10-06,1825
2007-10-07,1717
2007-10-08,1645
2007-10-09,1625
2007-10-10,1591
2007-10-11,1537
2007-10-12,1505
2007-10-13,1475
2007-10-14,1431
2007-10-15,1405
2007-10-16,1374
2007-10-17,1346
2007-10-18,1322
2007-10-19,1306
2007-10-20,1284
2007-10-21,1254
2007-10-22,1243
2007-10-23,1243
2007-10-24,1239
2007-10-25,1227
2007-10-26,1205
2007-10-27,1179
2007-10-28,1148
2007-10-29,1131
2007-10-30,1154
2007-10-31,1239
2007-11-01,1229
2007-11-02,1190
2007-11-03,1154
2007-11-04,1133
2007-11-05,1119
2007-11-06,1122
2007-11-07,1127
2007-11-08,1125
2007-11-09,1171
2007-11-10,1286
2007-11-11,1547
2007-11-12,1920
2007-11-13,2236
2007-11-14,2490
2007-11-15,2754
2007-11-16,2782
2007-11-17,2625
2007-11-18,2395
2007-11-19,2209
2007-11-20,2023
2007-11-21,1858
2007-11-22,1735
2007-11-23,1649
2007-11-24,1587
2007-11-25,1571
2007-11-26,1705
2007-11-27,1900
2007-11-28,1992
2007-11-29,1997
2007-11-30,1963
2007-12-01,1956
2007-12-02,1976
2007-12-03,2067
2007-12-04,2327
2007-12-05,3027
2007-12-06,3614
2007-12-07,3972
2007-12-08,4164
2007-12-09,4491
2007-12-10,4849
2007-12-11,5099
2007-12-12,5299
2007-12-13,5365
2007-12-14,5290
2007-12-15,5088
2007-12-16,4668
2007-12-17,4153
2007-12-18,3580
2007-12-19,3111
2007-12-20,2781
2007-12-21,2538
2007-12-22,2352
2007-12-23,2202
2007-12-24,2077
2007-12-25,1974
2007-12-26,1866
2007-12-27,1784
2007-12-28,1722
2007-12-29,1660
2007-12-30,1606
2007-12-31,1561
2008-01-01,1542
2008-01-02,1525
2008-01-03,1519
2008-01-04,1502
2008-01-05,1467
2008-01-06,1441
2008-01-07,1448
2008-01-08,1599
2008-01-09,1963
2008-01-10,2452
2008-01-11,2780
2008-01-12,2758
2008-01-13,2592
2008-01-14,2465
2008-01-15,2369
2008-01-16,2273
2008-01-17,2185
2008-01-18,2164
2008-01-19,2260
2008-01-20,2494
2008-01-21,2864
2008-01-22,3137
2008-01-23,3239
2008-01-24,3219
2008-01-25,3183
2008-01-26,3120
2008-01-27,2896
2008-01-28,2666
2008-01-29,2481
2008-01-30,2302
2008-01-31,2167
2008-02-01,2072
2008-02-02,2044
2008-02-03,2092
2008-02-04,2377
2008-02-05,2577
2008-02-06,2567
2008-02-07,2565
2008-02-08,2842
2008-02-09,3175
2008-02-10,3142
2008-02-11,2931
2008-02-12,2671
2008-02-13,2413
2008-02-14,2196
2008-02-15,2052
2008-02-16,1949
2008-02-17,1855
2008-02-18,1774
2008-02-19,1706
2008-02-20,1642
2008-02-21,1583
2008-02-22,1542
2008-02-23,1518
2008-02-24,1491
2008-02-25,1469
2008-02-26,1461
2008-02-27,1455
2008-02-28,1430
2008-02-29,1414
2008-03-01,1497
2008-03-02,1718
2008-03-03,2322
2008-03-04,3287
2008-03-05,3603
2008-03-06,3542
2008-03-07,3397
2008-03-08,3147
2008-03-09,2855
2008-03-10,2626
2008-03-11,2458
2008-03-12,2356
2008-03-13,2346
2008-03-14,2718
2008-03-15,3286
2008-03-16,3668
2008-03-17,3933
2008-03-18,4069
2008-03-19,4059
2008-03-20,3910
2008-03-21,3713
2008-03-22,3624
2008-03-23,3744
2008-03-24,4109
2008-03-25,4351
2008-03-26,4273
2008-03-27,3955
2008-03-28,3602
2008-03-29,3393
2008-03-30,3284
2008-03-31,3286
2008-04-01,3255
2008-04-02,3143
2008-04-03,3021
2008-04-04,2890
2008-04-05,2753
2008-04-06,2733
2008-04-07,2774
2008-04-08,2821
2008-04-09,2911
2008-04-10,2979
2008-04-11,2935
2008-04-12,2945
2008-04-13,3095
2008-04-14,3445
2008-04-15,3918
2008-04-16,4155
2008-04-17,4150
2008-04-18,3986
2008-04-19,3787
2008-04-20,3591
2008-04-21,3376
2008-04-22,3204
2008-04-23,3053
2008-04-24,2911
2008-04-25,3038
2008-04-26,3441
2008-04-27,3783
2008-04-28,3786
2008-04-29,3591
2008-04-30,3331
2008-05-01,3068
2008-05-02,2889
2008-05-03,2810
2008-05-04,2725
2008-05-05,2614
2008-05-06,2477
2008-05-07,2339
2008-05-08,2235
2008-05-09,2160
2008-05-10,2096
2008-05-11,2036
2008-05-12,1985
2008-05-13,1948
2008-05-14,1922
2008-05-15,1902
2008-05-16,1916
2008-05-17,1938
2008-05-18,1957
2008-05-19,1944
2008-05-20,1922
2008-05-21,1941
2008-05-22,1956
2008-05-23,1951
2008-05-24,1900
2008-05-25,1854
2008-05-26,1833
2008-05-27,1798
2008-05-28,1765
2008-05-29,1762
2008-05-30,1756
2008-05-31,1773
2008-06-01,1915
2008-06-02,2046
2008-06-03,2227
2008-06-04,2301
2008-06-05,2296
2008-06-06,2265
2008-06-07,2213
2008-06-08,2284
2008-06-09,2394
2008-06-10,2382
2008-06-11,2297
2008-06-12,2209
2008-06-13,2165
2008-06-14,2131
2008-06-15,2151
2008-06-16,2196
2008-06-17,2195
2008-06-18,2182
2008-06-19,2127
2008-06-20,2051
2008-06-21,2010
2008-06-22,1962
2008-06-23,1949
2008-06-24,1877
2008-06-25,1799
2008-06-26,1783
2008-06-27,1825
2008-06-28,1865
2008-06-29,1809
2008-06-30,1727
2008-07-01,1670
2008-07-02,1640
2008-07-03,1621
2008-07-04,1669
2008-07-05,1677
2008-07-06,1661
2008-07-07,1654
2008-07-08,1671
2008-07-09,1677
2008-07-10,1673
2008-07-11,1675
2008-07-12,1677
2008-07-13,1634
2008-07-14,1579
2008-07-15,1553
2008-07-16,1559
2008-07-17,1631
2008-07-18,1778
2008-07-19,1976
2008-07-20,2049
2008-07-21,2102
2008-07-22,2145
2008-07-23,2144
2008-07-24,2026
2008-07-25,1929
2008-07-26,1876
2008-07-27,1868
2008-07-28,1846
2008-07-29,1784
2008-07-30,1767
2008-07-31,1720
2008-08-01,1662
2008-08-02,1633
2008-08-03,1578
2008-08-04,1603
2008-08-05,1686
2008-08-06,1593
2008-08-07,1558
2008-08-08,1523
2008-08-09,1499
2008-08-10,1486
2008-08-11,1502
2008-08-12,1495
2008-08-13,1483
2008-08-14,1503
2008-08-15,1511
2008-08-16,1659
2008-08-17,1812
2008-08-18,1803
2008-08-19,1815
2008-08-20,1935
2008-08-21,1995
2008-08-22,1984
2008-08-23,1963
2008-08-24,2000
2008-08-25,1980
2008-08-26,1897
2008-08-27,1800
2008-08-28,1732
2008-08-29,1665
2008-08-30,1597
2008-08-31,1538
2008-09-01,1481
2008-09-02,1443
2008-09-03,1394
2008-09-04,1413
2008-09-05,1454
2008-09-06,1462
2008-09-07,1461
2008-09-08,1517
2008-09-09,1541
2008-09-10,1543
2008-09-11,1562
2008-09-12,1595
2008-09-13,1638
2008-09-14,1631
2008-09-15,1693
2008-09-16,1838
2008-09-17,2025
2008-09-18,2235
2008-09-19,2271
2008-09-20,2154
2008-09-21,1999
2008-09-22,1877
2008-09-23,1783
2008-09-24,1734
2008-09-25,1694
2008-09-26,1609
2008-09-27,1548
2008-09-28,1481
2008-09-29,1428
2008-09-30,1402
2008-10-01,1397
2008-10-02,1427
2008-10-03,1467
2008-10-04,1490
2008-10-05,1481
2008-10-06,1486
2008-10-07,1530
2008-10-08,1589
2008-10-09,1634
2008-10-10,1550
2008-10-11,1462
2008-10-12,1385
2008-10-13,1347
2008-10-14,1322
2008-10-15,1300
2008-10-16,1272
2008-10-17,1255
2008-10-18,1240
2008-10-19,1258
2008-10-20,1324
2008-10-21,1419
2008-10-22,1432
2008-10-23,1374
2008-10-24,1318
2008-10-25,1331
2008-10-26,1419
2008-10-27,1481
2008-10-28,1484
2008-10-29,1441
2008-10-30,1438
2008-10-31,1449
2008-11-01,1502
2008-11-02,1759
2008-11-03,2064
2008-11-04,2087
2008-11-05,2023
2008-11-06,1958
2008-11-07,1872
2008-11-08,1785
2008-11-09,1695
2008-11-10,1653
2008-11-11,1609
2008-11-12,1594
2008-11-13,1561
2008-11-14,1517
2008-11-15,1487
2008-11-16,1429
2008-11-17,1378
2008-11-18,1345
2008-11-19,1321
2008-11-20,1307
2008-11-21,1318
2008-11-22,1390
2008-11-23,1464
2008-11-24,1546
2008-11-25,1768
2008-11-26,1889
2008-11-27,1861
2008-11-28,1811
2008-11-29,1763
2008-11-30,1717
2008-12-01,1682
2008-12-02,1623
2008-12-03,1567
2008-12-04,1565
2008-12-05,1580
2008-12-06,1717
2008-12-07,2001
2008-12-08,2467
2008-12-09,2873
2008-12-10,2937
2008-12-11,2755
2008-12-12,2480
2008-12-13,2229
2008-12-14,2062
2008-12-15,1944
2008-12-16,1850
2008-12-17,1763
2008-12-18,1693
2008-12-19,1625
2008-12-20,1590
2008-12-21,1620
2008-12-22,1745
2008-12-23,1943
2008-12-24,2242
2008-12-25,2570
2008-12-26,2600
2008-12-27,2444
2008-12-28,2258
2008-12-29,2083
2008-12-30,1937
2008-12-31,1790
2009-01-01,1673
2009-01-02,1587
2009-01-03,1524
2009-01-04,1476
2009-01-05,1440
2009-01-06,1423
2009-01-07,1375
2009-01-08,1327
2009-01-09,1295
2009-01-10,1259
2009-01-11,1216
2009-01-12,1176
2009-01-13,1166
2009-01-14,1173
2009-01-15,1172
2009-01-16,1168
2009-01-17,1155
2009-01-18,1153
2009-01-19,1187
2009-01-20,1242
2009-01-21,1362
2009-01-22,1599
2009-01-23,1789
2009-01-24,1911
2009-01-25,2304
2009-01-26,3009
2009-01-27,3096
2009-01-28,2821
2009-01-29,2425
2009-01-30,2111
2009-01-31,1887
2009-02-01,1724
2009-02-02,1609
2009-02-03,1519
2009-02-04,1452
2009-02-05,1396
2009-02-06,1359
2009-02-07,1331
2009-02-08,1306
2009-02-09,1318
2009-02-10,1466
2009-02-11,1739
2009-02-12,2000
2009-02-13,2562
2009-02-14,2752
2009-02-15,2610
2009-02-16,2350
2009-02-17,2165
2009-02-18,2205
2009-02-19,2366
2009-02-20,2524
2009-02-21,2511
2009-02-22,2349
2009-02-23,2218
2009-02-24,2212
2009-02-25,2316
2009-02-26,2462
2009-02-27,2536
2009-02-28,2525
2009-03-01,2474
2009-03-02,2456
2009-03-03,2525
2009-03-04,2571
2009-03-05,2559
2009-03-06,2610
2009-03-07,2846
2009-03-08,3215
2009-03-09,3594
2009-03-10,3875
2009-03-11,3888
2009-03-12,3952
2009-03-13,4140
2009-03-14,4292
2009-03-15,4274
2009-03-16,4115
2009-03-17,3877
2009-03-18,3555
2009-03-19,3287
2009-03-20,3053
2009-03-21,2846
2009-03-22,2669
2009-03-23,2537
2009-03-24,2419
2009-03-25,2334
2009-03-26,2320
2009-03-27,2421
2009-03-28,2696
2009-03-29,3048
2009-03-30,3316
2009-03-31,3524
2009-04-01,3626
2009-04-02,3498
2009-04-03,3202
2009-04-04,2926
2009-04-05,2703
2009-04-06,2589
2009-04-07,2553
2009-04-08,2538
2009-04-09,2528
2009-04-10,2505
2009-04-11,2438
2009-04-12,2382
2009-04-13,2343
2009-04-14,2317
2009-04-15,2301
2009-04-16,2254
2009-04-17,2196
2009-04-18,2262
2009-04-19,2403
2009-04-20,2467
2009-04-21,2530
2009-04-22,2517
2009-04-23,2391
2009-04-24,2231
2009-04-25,2090
2009-04-26,1978
2009-04-27,1910
2009-04-28,1876
2009-04-29,1832
2009-04-30,1812
2009-05-01,1793
2009-05-02,1785
2009-05-03,1775
2009-05-04,1742
2009-05-05,1708
2009-05-06,1688
2009-05-07,1666
2009-05-08,1655
2009-05-09,1653
2009-05-10,1624
2009-05-11,1600
2009-05-12,1663
2009-05-13,1752
2009-05-14,1894
2009-05-15,2009
2009-05-16,2089
2009-05-17,2204
2009-05-18,2306
2009-05-19,2313
2009-05-20,2216
2009-05-21,2098
2009-05-22,2015
2009-05-23,1937
2009-05-24,1861
2009-05-25,1842
2009-05-26,1832
2009-05-27,1798
2009-05-28,1742
2009-05-29,1720
2009-05-30,1806
2009-05-31,1906
2009-06-01,1936
2009-06-02,1867
2009-06-03,1782
2009-06-04,1714
2009-06-05,1647
2009-06-06,1593
2009-06-07,1581
2009-06-08,1630
2009-06-09,1636
2009-06-10,1650
2009-06-11,1689
2009-06-12,1744
2009-06-13,1749
2009-06-14,1716
2009-06-15,1647
2009-06-16,1601
2009-06-17,1684
2009-06-18,1841
2009-06-19,1846
2009-06-20,1854
2009-06-21,1845
2009-06-22,1791
2009-06-23,1773
2009-06-24,1854
2009-06-25,1908
2009-06-26,1901
2009-06-27,1935
2009-06-28,1996
2009-06-29,1998
2009-06-30,2016
2009-07-01,2027
2009-07-02,1938
2009-07-03,1861
2009-07-04,1882
2009-07-05,1802
2009-07-06,1789
2009-07-07,1846
2009-07-08,1854
2009-07-09,1921
2009-07-10,1958
2009-07-11,1926
2009-07-12,1889
2009-07-13,1866
2009-07-14,1803
2009-07-15,1721
2009-07-16,1744
2009-07-17,1830
2009-07-18,1989
2009-07-19,2148
2009-07-20,2155
2009-07-21,2277
2009-07-22,2539
2009-07-23,2687
2009-07-24,2577
2009-07-25,2456
2009-07-26,2349
2009-07-27,2224
2009-07-28,2126
2009-07-29,2032
2009-07-30,1960
2009-07-31,1908
2009-08-01,1895
2009-08-02,1875
2009-08-03,1809
2009-08-04,1738
2009-08-05,1694
2009-08-06,1690
2009-08-07,1688
2009-08-08,1677
2009-08-09,1655
2009-08-10,1615
2009-08-11,1587
2009-08-12,1667
2009-08-13,1810
2009-08-14,1831
2009-08-15,1786
2009-08-16,1737
2009-08-17,1670
2009-08-18,1584
2009-08-19,1521
2009-08-20,1487
2009-08-21,1458
2009-08-22,1437
2009-08-23,1404
2009-08-24,1378
2009-08-25,1340
2009-08-26,1324
2009-08-27,1288
2009-08-28,1254
2009-08-29,1237
2009-08-30,1234
2009-08-31,1219
2009-09-01,1194
2009-09-02,1168
2009-09-03,1155
2009-09-04,1162
2009-09-05,1174
2009-09-06,1187
2009-09-07,1258
2009-09-08,1305
2009-09-09,1286
2009-09-10,1252
2009-09-11,1212
2009-09-12,1170
2009-09-13,1137
2009-09-14,1108
2009-09-15,1092
2009-09-16,1095
2009-09-17,1090
2009-09-18,1073
2009-09-19,1052
2009-09-20,1027
2009-09-21,1010
2009-09-22,997
2009-09-23,997
2009-09-24,981
2009-09-25,975
2009-09-26,963
2009-09-27,947
2009-09-28,928
2009-09-29,913
2009-09-30,892
2009-10-01,900
2009-10-02,899
2009-10-03,877
2009-10-04,864
2009-10-05,845
2009-10-06,847
2009-10-07,897
2009-10-08,1008
2009-10-09,1061
2009-10-10,998
2009-10-11,1014
2009-10-12,1038
2009-10-13,1098
2009-10-14,1130
2009-10-15,1162
2009-10-16,1170
2009-10-17,1136
2009-10-18,1107
2009-10-19,1076
2009-10-20,1055
2009-10-21,1067
2009-10-22,1074
2009-10-23,1065
2009-10-24,1040
2009-10-25,1023
2009-10-26,1010
2009-10-27,1023
2009-10-28,1037
2009-10-29,1035
2009-10-30,1018
2009-10-31,997
2009-11-01,969
2009-11-02,982
2009-11-03,1023
2009-11-04,1063
2009-11-05,1144
2009-11-06,1221
2009-11-07,1349
2009-11-08,1440
2009-11-09,1461
2009-11-10,1433
2009-11-11,1453
2009-11-12,1547
2009-11-13,1618
2009-11-14,1589
2009-11-15,1502
2009-11-16,1416
2009-11-17,1355
2009-11-18,1328
2009-11-19,1410
2009-11-20,1536
2009-11-21,1599
2009-11-22,1560
2009-11-23,1540
2009-11-24,1635
2009-11-25,1717
2009-11-26,1762
2009-11-27,1881
2009-11-28,2053
2009-11-29,2147
2009-11-30,2194
2009-12-01,2139
2009-12-02,2107
2009-12-03,2062
2009-12-04,2011
2009-12-05,2001
2009-12-06,1982
2009-12-07,1956
2009-12-08,1975
2009-12-09,2048
2009-12-10,2138
2009-12-11,2481
2009-12-12,2999
2009-12-13,3242
2009-12-14,3129
2009-12-15,2973
2009-12-16,2772
2009-12-17,2536
2009-12-18,2295
2009-12-19,2110
2009-12-20,1953
2009-12-21,1811
2009-12-22,1693
2009-12-23,1647
2009-12-24,1656
2009-12-25,1889
2009-12-26,2254
2009-12-27,2793
2009-12-28,3329
2009-12-29,3379
2009-12-30,3151
2009-12-31,3055
2010-01-01,3346
2010-01-02,3847
2010-01-03,4325
2010-01-04,4474
2010-01-05,4272
2010-01-06,3841
2010-01-07,3314
2010-01-08,2874
2010-01-09,2587
2010-01-10,2368
2010-01-11,2216
2010-01-12,2100
2010-01-13,1989
2010-01-14,1903
2010-01-15,1814
2010-01-16,1759
2010-01-17,1723
2010-01-18,1721
2010-01-19,1805
2010-01-20,2160
2010-01-21,2506
2010-01-22,2534
2010-01-23,2386
2010-01-24,2238
2010-01-25,2105
2010-01-26,2003
2010-01-27,1902
2010-01-28,1834
2010-01-29,1804
2010-01-30,1791
2010-01-31,1749
2010-02-01,1714
2010-02-02,1695
2010-02-03,1701
2010-02-04,1743
2010-02-05,1848
2010-02-06,2413
2010-02-07,2855
2010-02-08,2956
2010-02-09,2965
2010-02-10,2891
2010-02-11,2712
2010-02-12,2475
2010-02-13,2250
2010-02-14,2062
2010-02-15,1949
2010-02-16,1850
2010-02-17,1760
2010-02-18,1689
2010-02-19,1644
2010-02-20,1629
2010-02-21,1662
2010-02-22,1745
2010-02-23,1817
2010-02-24,2031
2010-02-25,2453
2010-02-26,3310
2010-02-27,4115
2010-02-28,4560
2010-03-01,4853
2010-03-02,5197
2010-03-03,5278
2010-03-04,4914
2010-03-05,4396
2010-03-06,3905
2010-03-07,3437
2010-03-08,3034
2010-03-09,2712
2010-03-10,2473
2010-03-11,2286
2010-03-12,2154
2010-03-13,2042
2010-03-14,1939
2010-03-15,1880
2010-03-16,1873
2010-03-17,1906
2010-03-18,1938
2010-03-19,1974
2010-03-20,2010
2010-03-21,2019
2010-03-22,2076
2010-03-23,2243
2010-03-24,2394
2010-03-25,2430
2010-03-26,2444
2010-03-27,2396
2010-03-28,2337
2010-03-29,2331
2010-03-30,2483
2010-03-31,2581
2010-04-01,2674
2010-04-02,2709
2010-04-03,2613
2010-04-04,2501
2010-04-05,2389
2010-04-06,2315
2010-04-07,2284
2010-04-08,2220
2010-04-09,2112
2010-04-10,2013
2010-04-11,1928
2010-04-12,1856
2010-04-13,1790
2010-04-14,1737
2010-04-15,1698
2010-04-16,1683
2010-04-17,1659
2010-04-18,1617
2010-04-19,1557
2010-04-20,1518
2010-04-21,1468
2010-04-22,1417
2010-04-23,1375
2010-04-24,1348
2010-04-25,1322
2010-04-26,1296
2010-04-27,1284
2010-04-28,1283
2010-04-29,1272
2010-04-30,1264
2010-05-01,1265
2010-05-02,1263
2010-05-03,1279
2010-05-04,1302
2010-05-05,1337
2010-05-06,1412
2010-05-07,1535
2010-05-08,1742
2010-05-09,1813
2010-05-10,1889
2010-05-11,1879
2010-05-12,1829
2010-05-13,1785
2010-05-14,1820
2010-05-15,1902
2010-05-16,1941
2010-05-17,2044
2010-05-18,2095
2010-05-19,2035
2010-05-20,1956
2010-05-21,1899
2010-05-22,1883
2010-05-23,1881
2010-05-24,1815
2010-05-25,1717
2010-05-26,1609
2010-05-27,1566
2010-05-28,1588
2010-05-29,1698
2010-05-30,1750
2010-05-31,1795
2010-06-01,1828
2010-06-02,1898
2010-06-03,2041
2010-06-04,2215
2010-06-05,2280
2010-06-06,2223
2010-06-07,2179
2010-06-08,2210
2010-06-09,2212
2010-06-10,2155
2010-06-11,2156
2010-06-12,2267
2010-06-13,2350
2010-06-14,2352
2010-06-15,2250
2010-06-16,2118
2010-06-17,2034
2010-06-18,2001
2010-06-19,2003
2010-06-20,2000
2010-06-21,2093
2010-06-22,2313
2010-06-23,2488
2010-06-24,2546
2010-06-25,2497
2010-06-26,2376
2010-06-27,2241
2010-06-28,2116
2010-06-29,2001
2010-06-30,1880
2010-07-01,1768
2010-07-02,1694
2010-07-03,1624
2010-07-04,1612
2010-07-05,1612
2010-07-06,1581
2010-07-07,1597
2010-07-08,1615
2010-07-09,1581
2010-07-10,1531
2010-07-11,1489
2010-07-12,1463
2010-07-13,1449
2010-07-14,1414
2010-07-15,1411
2010-07-16,1411
2010-07-17,1423
2010-07-18,1431
2010-07-19,1412
2010-07-20,1398
2010-07-21,1388
2010-07-22,1384
2010-07-23,1385
2010-07-24,1353
2010-07-25,1341
2010-07-26,1416
2010-07-27,1606
2010-07-28,1785
2010-07-29,1806
2010-07-30,1811
2010-07-31,1840
2010-08-01,1852
2010-08-02,1897
2010-08-03,1987
2010-08-04,2030
2010-08-05,2060
2010-08-06,2075
2010-08-07,2067
2010-08-08,2085
2010-08-09,2193
2010-08-10,2267
2010-08-11,2310
2010-08-12,2292
2010-08-13,2212
2010-08-14,2115
2010-08-15,2085
2010-08-16,2193
2010-08-17,2324
2010-08-18,2518
2010-08-19,2653
2010-08-20,2744
2010-08-21,2748
2010-08-22,2624
2010-08-23,2508
2010-08-24,2378
2010-08-25,2198
2010-08-26,2129
2010-08-27,2145
2010-08-28,2222
2010-08-29,2322
2010-08-30,2408
2010-08-31,2527
2010-09-01,2745
2010-09-02,2877
2010-09-03,2876
2010-09-04,2803
2010-09-05,2682
2010-09-06,2514
2010-09-07,2347
2010-09-08,2206
2010-09-09,2109
2010-09-10,2109
2010-09-11,2079
2010-09-12,2020
2010-09-13,1961
2010-09-14,1908
2010-09-15,1874
2010-09-16,1900
2010-09-17,1936
2010-09-18,1941
2010-09-19,1863
2010-09-20,1760
2010-09-21,1679
2010-09-22,1628
2010-09-23,1586
2010-09-24,1535
2010-09-25,1525
2010-09-26,1534
2010-09-27,1532
2010-09-28,1543
2010-09-29,1734
2010-09-30,2000
2010-10-01,2032
2010-10-02,1949
2010-10-03,1896
2010-10-04,1849
2010-10-05,1812
2010-10-06,1744
2010-10-07,1665
2010-10-08,1599
2010-10-09,1530
2010-10-10,1474
2010-10-11,1441
2010-10-12,1410
2010-10-13,1369
2010-10-14,1330
2010-10-15,1288
2010-10-16,1276
2010-10-17,1282
2010-10-18,1261
2010-10-19,1264
2010-10-20,1307
2010-10-21,1314
2010-10-22,1313
2010-10-23,1310
2010-10-24,1355
2010-10-25,1397
2010-10-26,1382
2010-10-27,1359
2010-10-28,1389
2010-10-29,1437
2010-10-30,1457
2010-10-31,1438
2010-11-01,1406
2010-11-02,1374
2010-11-03,1363
2010-11-04,1352
2010-11-05,1340
2010-11-06,1315
2010-11-07,1360
2010-11-08,1412
2010-11-09,1448
2010-11-10,1586
2010-11-11,1810
2010-11-12,1956
2010-11-13,2075
2010-11-14,2542
2010-11-15,3288
2010-11-16,3697
2010-11-17,3497
2010-11-18,3208
2010-11-19,3203
2010-11-20,3143
2010-11-21,2901
2010-11-22,2657
2010-11-23,2434
2010-11-24,2243
2010-11-25,2134
2010-11-26,2126
2010-11-27,2121
2010-11-28,2094
2010-11-29,2089
2010-11-30,2067
2010-12-01,1982
2010-12-02,1893
2010-12-03,1802
2010-12-04,1718
2010-12-05,1649
2010-12-06,1651
2010-12-07,1599
2010-12-08,1553
2010-12-09,1624
2010-12-10,2382
2010-12-11,3806
2010-12-12,4886
2010-12-13,5572
2010-12-14,5692
2010-12-15,5388
2010-12-16,4818
2010-12-17,4194
2010-12-18,3633
2010-12-19,3181
2010-12-20,2875
2010-12-21,2664
2010-12-22,2560
2010-12-23,2665
2010-12-24,3209
2010-12-25,3970
2010-12-26,4595
2010-12-27,4757
2010-12-28,4351
2010-12-29,3827
2010-12-30,3370
2010-12-31,3042
