Timeseries,settingsfile: \\pdrive\share\link\burek.pdrv\watmodel\CWATM\Regions\Danube_1min_SP\Tutorial\Exercise2_mannings\Sava\settings_drina_1min_exercise22.ini,Runnning date: Thu Dec  5 16:36:46 2024,CWATM: P:\watmodel\CWATM\Regions\Danube_1min_SP\CWatM_model_developversion\cwatm\run_cwatm.py last change:2024/11/27 15:22
xloc,18.7750
yloc,43.5080
Date,G1
01/01/2010,   126.733
02/01/2010,   137.911
03/01/2010,   148.549
04/01/2010,   143.657
05/01/2010,   140.857
06/01/2010,    148.05
07/01/2010,   171.509
08/01/2010,   195.442
09/01/2010,   211.065
10/01/2010,   233.918
11/01/2010,   246.511
12/01/2010,   322.062
13/01/2010,   349.355
14/01/2010,   322.797
15/01/2010,   297.198
16/01/2010,   269.913
17/01/2010,   240.817
18/01/2010,   213.929
19/01/2010,   191.286
20/01/2010,   173.202
21/01/2010,   159.508
22/01/2010,   148.811
23/01/2010,   140.211
24/01/2010,   133.168
25/01/2010,   127.277
26/01/2010,   122.229
27/01/2010,   117.778
28/01/2010,   113.732
29/01/2010,   109.952
30/01/2010,   107.363
31/01/2010,   105.575
01/02/2010,   103.316
02/02/2010,   98.2194
03/02/2010,   93.7681
04/02/2010,   90.7405
05/02/2010,   88.2249
06/02/2010,   91.7099
07/02/2010,   102.528
08/02/2010,   105.132
09/02/2010,   100.984
10/02/2010,   98.8805
11/02/2010,   97.6662
12/02/2010,   97.1449
13/02/2010,   96.5154
14/02/2010,   94.7606
15/02/2010,   92.3041
16/02/2010,   90.8027
17/02/2010,   92.5693
18/02/2010,   103.063
19/02/2010,   129.996
20/02/2010,   194.954
21/02/2010,   269.175
22/02/2010,    268.61
23/02/2010,   268.941
24/02/2010,   332.448
25/02/2010,    362.44
26/02/2010,   351.987
27/02/2010,   324.589
28/02/2010,    290.73
01/03/2010,   263.247
02/03/2010,   256.351
03/03/2010,   253.273
04/03/2010,   239.913
05/03/2010,    231.69
06/03/2010,   230.685
07/03/2010,   223.701
08/03/2010,   208.396
09/03/2010,     192.2
10/03/2010,   173.327
11/03/2010,   162.537
12/03/2010,    155.83
13/03/2010,   143.982
14/03/2010,   131.673
15/03/2010,   121.703
16/03/2010,   114.508
17/03/2010,   108.989
18/03/2010,   105.315
19/03/2010,   104.656
20/03/2010,   107.482
21/03/2010,   115.356
22/03/2010,   138.574
23/03/2010,   171.912
24/03/2010,   187.628
25/03/2010,   200.854
26/03/2010,   221.176
27/03/2010,   250.014
28/03/2010,   277.403
29/03/2010,   296.481
30/03/2010,   318.308
31/03/2010,   351.648
01/04/2010,   382.489
02/04/2010,   385.324
03/04/2010,   359.908
04/04/2010,   334.193
05/04/2010,   323.207
06/04/2010,   325.343
07/04/2010,   323.133
08/04/2010,   311.423
09/04/2010,   301.213
10/04/2010,   298.032
11/04/2010,   300.836
12/04/2010,   303.835
13/04/2010,   306.282
14/04/2010,   309.389
15/04/2010,   306.899
16/04/2010,   305.093
17/04/2010,   307.543
18/04/2010,   313.902
19/04/2010,   342.224
20/04/2010,   379.747
21/04/2010,   383.161
22/04/2010,    375.58
23/04/2010,    386.66
24/04/2010,   422.824
25/04/2010,    447.53
26/04/2010,   433.353
27/04/2010,   410.371
28/04/2010,    397.52
29/04/2010,   378.503
30/04/2010,   357.746
01/05/2010,   350.122
02/05/2010,   348.038
03/05/2010,   343.154
04/05/2010,    334.98
05/05/2010,   329.055
06/05/2010,   327.308
07/05/2010,   318.151
08/05/2010,   301.917
09/05/2010,   269.478
10/05/2010,    247.53
11/05/2010,   232.907
12/05/2010,   223.792
13/05/2010,   215.173
14/05/2010,   205.429
15/05/2010,   223.339
16/05/2010,   345.313
17/05/2010,   366.055
18/05/2010,   335.145
19/05/2010,   321.695
20/05/2010,   315.676
21/05/2010,   296.628
22/05/2010,   302.417
23/05/2010,   325.399
24/05/2010,   321.098
25/05/2010,   297.917
26/05/2010,    271.81
27/05/2010,   250.535
28/05/2010,   231.886
29/05/2010,    217.05
30/05/2010,   212.363
31/05/2010,   224.695
01/06/2010,   269.349
02/06/2010,   270.818
03/06/2010,   238.449
04/06/2010,   227.033
05/06/2010,   218.406
06/06/2010,   210.953
07/06/2010,   201.798
08/06/2010,   186.826
09/06/2010,   174.378
10/06/2010,   164.803
11/06/2010,    156.34
12/06/2010,   148.548
13/06/2010,   142.209
14/06/2010,   136.202
15/06/2010,   130.082
16/06/2010,   123.989
17/06/2010,   118.184
18/06/2010,   112.758
19/06/2010,   108.789
20/06/2010,   108.928
21/06/2010,   129.793
22/06/2010,   211.582
23/06/2010,   290.516
24/06/2010,   284.963
25/06/2010,   246.431
26/06/2010,   201.585
27/06/2010,   185.965
28/06/2010,   194.485
29/06/2010,   197.165
30/06/2010,   186.491
01/07/2010,   177.397
02/07/2010,   171.056
03/07/2010,   162.531
04/07/2010,   152.733
05/07/2010,   143.575
06/07/2010,   136.767
07/07/2010,   133.634
08/07/2010,   130.732
09/07/2010,   123.376
10/07/2010,   116.267
11/07/2010,   110.923
12/07/2010,   106.457
13/07/2010,   102.332
14/07/2010,   98.5378
15/07/2010,   95.0614
16/07/2010,   91.6257
17/07/2010,   88.1854
18/07/2010,   85.1103
19/07/2010,   82.5698
20/07/2010,   80.4252
21/07/2010,   79.2382
22/07/2010,   79.7756
23/07/2010,   80.9458
24/07/2010,   79.7715
25/07/2010,   79.7421
26/07/2010,   83.1545
27/07/2010,   84.7421
28/07/2010,   81.9242
29/07/2010,   77.7258
30/07/2010,   73.9968
31/07/2010,   71.7598
01/08/2010,   71.2119
02/08/2010,   71.4946
03/08/2010,   70.6629
04/08/2010,   69.1037
05/08/2010,   67.6388
06/08/2010,   66.3582
07/08/2010,   65.2234
08/08/2010,   64.2602
09/08/2010,   63.4172
10/08/2010,   62.6413
11/08/2010,   61.8435
12/08/2010,   61.0366
13/08/2010,   60.2397
14/08/2010,   59.4744
15/08/2010,   58.7261
16/08/2010,   57.9805
17/08/2010,   57.2447
18/08/2010,   56.5154
19/08/2010,   55.8046
20/08/2010,   55.0992
21/08/2010,   54.4083
22/08/2010,   53.7418
23/08/2010,   53.1069
24/08/2010,   52.4986
25/08/2010,   51.9416
26/08/2010,    51.424
27/08/2010,    50.892
28/08/2010,   50.6636
29/08/2010,   51.9042
30/08/2010,   57.1873
31/08/2010,   69.5451
01/09/2010,   82.1594
02/09/2010,   80.6275
03/09/2010,   75.3595
04/09/2010,   71.4727
05/09/2010,   68.6697
06/09/2010,   67.2832
07/09/2010,   66.9266
08/09/2010,   66.6702
09/09/2010,   68.1112
10/09/2010,   78.1554
11/09/2010,   101.949
12/09/2010,   117.221
13/09/2010,   114.577
14/09/2010,   109.044
15/09/2010,   104.564
16/09/2010,   101.043
17/09/2010,   98.1588
18/09/2010,   96.5846
19/09/2010,   103.707
20/09/2010,   130.542
21/09/2010,   154.339
22/09/2010,    140.72
23/09/2010,   124.825
24/09/2010,   115.237
25/09/2010,   117.894
26/09/2010,   159.145
27/09/2010,   216.015
28/09/2010,   197.861
29/09/2010,   165.024
30/09/2010,   147.649
01/10/2010,   138.479
02/10/2010,   129.008
03/10/2010,   120.842
04/10/2010,   113.819
05/10/2010,   116.236
06/10/2010,   139.098
07/10/2010,   159.138
08/10/2010,   148.137
09/10/2010,   133.492
10/10/2010,   125.727
11/10/2010,   121.542
12/10/2010,   118.255
13/10/2010,   115.692
14/10/2010,   126.325
15/10/2010,   164.497
16/10/2010,   177.755
17/10/2010,   173.439
18/10/2010,   168.092
19/10/2010,   164.589
20/10/2010,   165.802
21/10/2010,   168.893
22/10/2010,    168.03
23/10/2010,   160.957
24/10/2010,   154.247
25/10/2010,   157.573
26/10/2010,   187.725
27/10/2010,   219.831
28/10/2010,   210.569
29/10/2010,   192.067
30/10/2010,   180.161
31/10/2010,   175.785
01/11/2010,   177.674
02/11/2010,   180.645
03/11/2010,   179.424
04/11/2010,   174.731
05/11/2010,   174.287
06/11/2010,    175.39
07/11/2010,   172.294
08/11/2010,   175.014
09/11/2010,   221.806
10/11/2010,   301.889
11/11/2010,   326.786
12/11/2010,   289.351
13/11/2010,   247.297
14/11/2010,   230.687
15/11/2010,   237.475
16/11/2010,    319.53
17/11/2010,   358.059
18/11/2010,   343.187
19/11/2010,   322.113
20/11/2010,   299.415
21/11/2010,   277.907
22/11/2010,    278.13
23/11/2010,   328.877
24/11/2010,   341.715
25/11/2010,     322.9
26/11/2010,   323.292
27/11/2010,    328.31
28/11/2010,    341.41
29/11/2010,   375.093
30/11/2010,   400.877
01/12/2010,   421.912
02/12/2010,   466.606
03/12/2010,   474.993
04/12/2010,   473.288
05/12/2010,   619.165
06/12/2010,   658.006
07/12/2010,   592.152
08/12/2010,   543.937
09/12/2010,   513.631
10/12/2010,   475.004
11/12/2010,   432.588
12/12/2010,   401.704
13/12/2010,   380.513
14/12/2010,   343.573
15/12/2010,   320.911
16/12/2010,   302.759
17/12/2010,   283.583
18/12/2010,    263.96
19/12/2010,   246.126
20/12/2010,   231.667
21/12/2010,   228.898
22/12/2010,    239.97
23/12/2010,   298.529
24/12/2010,   356.793
25/12/2010,   385.827
26/12/2010,   363.165
27/12/2010,    341.41
28/12/2010,   329.705
29/12/2010,   320.974
30/12/2010,    314.08
31/12/2010,   325.972
01/01/2011,   306.499
02/01/2011,   275.129
03/01/2011,   245.393
04/01/2011,   219.911
05/01/2011,   198.595
06/01/2011,   180.797
07/01/2011,    166.97
08/01/2011,   157.186
09/01/2011,   150.464
10/01/2011,   146.807
11/01/2011,   139.377
12/01/2011,   134.288
13/01/2011,   129.388
14/01/2011,    123.24
15/01/2011,   121.292
16/01/2011,   119.696
17/01/2011,   116.183
18/01/2011,   116.023
19/01/2011,    117.28
20/01/2011,   115.195
21/01/2011,    110.14
22/01/2011,    103.87
23/01/2011,   99.2753
24/01/2011,   95.9057
25/01/2011,   92.7721
26/01/2011,   89.5063
27/01/2011,   86.1687
28/01/2011,   82.9517
29/01/2011,   80.0794
30/01/2011,   77.6493
31/01/2011,    75.604
01/02/2011,    73.818
02/02/2011,   72.1604
03/02/2011,   70.5586
04/02/2011,   68.9932
05/02/2011,   68.0688
06/02/2011,   69.9207
07/02/2011,    81.242
08/02/2011,   114.999
09/02/2011,   140.114
10/02/2011,    127.16
11/02/2011,   107.964
12/02/2011,   95.2304
13/02/2011,    88.183
14/02/2011,   84.9189
15/02/2011,   84.1239
16/02/2011,   85.0378
17/02/2011,   88.9835
18/02/2011,   110.699
19/02/2011,   144.407
20/02/2011,   143.951
21/02/2011,   136.112
22/02/2011,   141.782
23/02/2011,   152.343
24/02/2011,   150.102
25/02/2011,   141.927
26/02/2011,   139.604
27/02/2011,   141.211
28/02/2011,   136.314
01/03/2011,   126.247
02/03/2011,   115.334
03/03/2011,   105.583
04/03/2011,   98.0111
05/03/2011,   93.5355
06/03/2011,   89.9215
07/03/2011,   85.2752
08/03/2011,    80.744
09/03/2011,   76.8534
10/03/2011,   73.8738
11/03/2011,   73.5968
12/03/2011,   78.3112
13/03/2011,    93.289
14/03/2011,   117.673
15/03/2011,   144.652
16/03/2011,   165.539
17/03/2011,   177.693
18/03/2011,   224.068
19/03/2011,   309.177
20/03/2011,   324.489
21/03/2011,   311.518
22/03/2011,    282.55
23/03/2011,   248.489
24/03/2011,   225.471
25/03/2011,   217.075
26/03/2011,   214.046
27/03/2011,   206.484
28/03/2011,   198.081
29/03/2011,   201.835
30/03/2011,   209.264
31/03/2011,   204.689
01/04/2011,   201.117
02/04/2011,   207.104
03/04/2011,   218.406
04/04/2011,   236.341
05/04/2011,   252.606
06/04/2011,    255.06
07/04/2011,   254.069
08/04/2011,   259.784
09/04/2011,   272.582
10/04/2011,   277.844
11/04/2011,   269.047
12/04/2011,   255.455
13/04/2011,   249.877
14/04/2011,   247.836
15/04/2011,   230.478
16/04/2011,   214.466
17/04/2011,   214.999
18/04/2011,   227.973
19/04/2011,    242.16
20/04/2011,   242.669
21/04/2011,   242.426
22/04/2011,   247.003
23/04/2011,   254.304
24/04/2011,   258.804
25/04/2011,   258.626
26/04/2011,   255.891
27/04/2011,   250.461
28/04/2011,   228.699
29/04/2011,   212.105
30/04/2011,   207.103
01/05/2011,   212.757
02/05/2011,   240.342
03/05/2011,   252.281
04/05/2011,   263.103
05/05/2011,   264.922
06/05/2011,   253.299
07/05/2011,   244.838
08/05/2011,   231.537
09/05/2011,   235.039
10/05/2011,   242.496
11/05/2011,    245.52
12/05/2011,   247.786
13/05/2011,   237.652
14/05/2011,   223.264
15/05/2011,   213.072
16/05/2011,   217.557
17/05/2011,   251.039
18/05/2011,   271.604
19/05/2011,   257.109
20/05/2011,   267.003
21/05/2011,   261.345
22/05/2011,   250.501
23/05/2011,    246.45
24/05/2011,   257.203
25/05/2011,   293.059
26/05/2011,   299.345
27/05/2011,   262.412
28/05/2011,   227.638
29/05/2011,   210.546
30/05/2011,   198.286
31/05/2011,   185.782
01/06/2011,   176.589
02/06/2011,   175.509
03/06/2011,   176.174
04/06/2011,   169.714
05/06/2011,    164.29
06/06/2011,   165.922
07/06/2011,   166.428
08/06/2011,   160.332
09/06/2011,   158.595
10/06/2011,   170.052
11/06/2011,   180.189
12/06/2011,   170.473
13/06/2011,   156.687
14/06/2011,    147.84
15/06/2011,   143.568
16/06/2011,   143.442
17/06/2011,   142.935
18/06/2011,   139.179
19/06/2011,   133.616
20/06/2011,   129.036
21/06/2011,   125.841
22/06/2011,   123.032
23/06/2011,   120.068
24/06/2011,   117.654
25/06/2011,   116.036
26/06/2011,   114.048
27/06/2011,   111.123
28/06/2011,   106.974
29/06/2011,   102.341
30/06/2011,   98.7537
01/07/2011,   97.6327
02/07/2011,   101.488
03/07/2011,   111.792
04/07/2011,     119.1
05/07/2011,   119.029
06/07/2011,   123.616
07/07/2011,   129.394
08/07/2011,   126.994
09/07/2011,   121.872
10/07/2011,   118.905
11/07/2011,   117.562
12/07/2011,   116.377
13/07/2011,   114.597
14/07/2011,   111.796
15/07/2011,   108.041
16/07/2011,   104.053
17/07/2011,   100.644
18/07/2011,    97.686
19/07/2011,   94.6573
20/07/2011,   92.2243
21/07/2011,   90.5208
22/07/2011,   89.3375
23/07/2011,   91.5542
24/07/2011,   100.872
25/07/2011,    114.15
26/07/2011,   114.775
27/07/2011,   113.891
28/07/2011,   107.824
29/07/2011,   110.296
30/07/2011,   137.698
31/07/2011,   157.794
01/08/2011,   142.287
02/08/2011,   127.588
03/08/2011,   119.063
04/08/2011,   116.697
05/08/2011,   122.312
06/08/2011,   131.519
07/08/2011,   133.935
08/08/2011,   130.948
09/08/2011,   125.982
10/08/2011,   121.078
11/08/2011,   117.004
12/08/2011,   113.881
13/08/2011,   111.187
14/08/2011,   108.196
15/08/2011,   104.667
16/08/2011,   101.748
17/08/2011,   101.242
18/08/2011,   101.463
19/08/2011,   100.297
20/08/2011,    97.575
21/08/2011,   94.2176
22/08/2011,   91.0805
23/08/2011,   88.2771
24/08/2011,   85.7684
25/08/2011,   83.4889
26/08/2011,   81.3353
27/08/2011,   79.7168
28/08/2011,   79.6209
29/08/2011,   79.9695
30/08/2011,   79.6065
31/08/2011,   78.4401
01/09/2011,   76.5883
02/09/2011,   74.6442
03/09/2011,   73.2791
04/09/2011,   72.5655
05/09/2011,   72.1378
06/09/2011,   72.0199
07/09/2011,   71.8479
08/09/2011,   71.8839
09/09/2011,   71.0026
10/09/2011,   68.8257
11/09/2011,   66.4982
12/09/2011,   64.5254
13/09/2011,   62.8749
14/09/2011,    61.438
15/09/2011,   60.1703
16/09/2011,    59.013
17/09/2011,   57.9406
18/09/2011,   56.9274
19/09/2011,   57.8122
20/09/2011,   67.0568
21/09/2011,   94.5677
22/09/2011,    109.14
23/09/2011,   99.9347
24/09/2011,   92.4886
25/09/2011,   88.2504
26/09/2011,    85.727
27/09/2011,   83.7185
28/09/2011,   82.5594
29/09/2011,   83.2474
30/09/2011,   85.4347
01/10/2011,   87.1912
02/10/2011,   87.4723
03/10/2011,   86.6985
04/10/2011,    85.358
05/10/2011,    83.553
06/10/2011,   81.3319
07/10/2011,   80.1003
08/10/2011,   82.0055
09/10/2011,   87.0158
10/10/2011,   90.9607
11/10/2011,   88.3219
12/10/2011,   84.5495
13/10/2011,    84.419
14/10/2011,   88.0383
15/10/2011,   88.5134
16/10/2011,   86.2316
17/10/2011,   84.6651
18/10/2011,   83.7702
19/10/2011,   83.2155
20/10/2011,   83.1076
21/10/2011,    90.119
22/10/2011,   113.715
23/10/2011,   136.442
24/10/2011,   127.717
25/10/2011,   114.508
26/10/2011,    105.93
27/10/2011,   102.225
28/10/2011,   102.183
29/10/2011,   101.859
30/10/2011,   99.1191
31/10/2011,   95.1198
01/11/2011,   91.3998
02/11/2011,   88.5091
03/11/2011,   86.1407
04/11/2011,   83.9724
05/11/2011,   81.8758
06/11/2011,   79.9342
07/11/2011,   78.8689
08/11/2011,   79.0578
09/11/2011,    79.421
10/11/2011,   78.0318
11/11/2011,   75.3332
12/11/2011,   72.5012
13/11/2011,   69.9921
14/11/2011,    67.884
15/11/2011,   66.0861
16/11/2011,   64.4993
17/11/2011,   63.0602
18/11/2011,   61.7376
19/11/2011,   60.5158
20/11/2011,   59.3854
21/11/2011,   58.3368
22/11/2011,   57.3749
23/11/2011,   57.5498
24/11/2011,   59.1809
25/11/2011,   60.5495
26/11/2011,   60.4639
27/11/2011,   59.1865
28/11/2011,    57.614
29/11/2011,   56.2596
30/11/2011,   55.1982
01/12/2011,   54.3353
02/12/2011,   53.6034
03/12/2011,   53.3861
04/12/2011,   54.0549
05/12/2011,   57.9873
06/12/2011,    68.402
07/12/2011,   78.0948
08/12/2011,   75.7384
09/12/2011,   70.4352
10/12/2011,   68.0869
11/12/2011,   69.2744
12/12/2011,   73.0464
13/12/2011,   76.6158
14/12/2011,   78.7747
15/12/2011,   81.7358
16/12/2011,   88.5744
17/12/2011,    100.12
18/12/2011,   112.384
19/12/2011,   121.604
20/12/2011,   125.167
21/12/2011,   124.739
22/12/2011,   124.439
23/12/2011,   125.802
24/12/2011,   127.915
25/12/2011,   130.539
26/12/2011,   132.698
27/12/2011,   131.587
28/12/2011,    126.78
29/12/2011,    120.13
30/12/2011,   113.201
31/12/2011,   106.716
